fill date,bagNum,Site,TrapNum,date of deployment,date of retrieval,numDaysField,TimeFrame,Batch,initialMass,dryMass,propRemain,propReduced,weighed,Source_Cond,Site_Cond,Richness,Ratio
8/9/2018,19,408,-,20/9/2018,20/9/2018,0,0,W2,6.05,5.51,0.910743802,0.089256198,28/9/2018,wet,dry,7,47.505
14/9/2018,44,405,21,20/9/2018,13/11/2018,54,2,W3,6.04,0.78,0.129139073,0.870860927,28/11/2018,wet,dry,7,45.612
8/9/2018,14,213,-,20/9/2018,20/9/2018,0,0,W2,6.07,5.51,0.907742998,0.092257002,28/9/2018,wet,dry,7,47.505
27/9/2018,10,408,A NE,2/10/2018,2/10/2018,0,0,W4,6.06,5.49,0.905940594,0.094059406,12/10/2018,wet,dry,12,49.459
28/10/2018,4,405,23,30/10/2018,26/12/2018,57,2,D6,6.41,1.36,0.212168487,0.787831513,8/1/2019,dry,dry,7,37.248
8/9/2018,17,3,-,11/9/2018,11/9/2018,0,0,W2,6.17,5.58,0.904376013,0.095623987,21/9/2018,wet,wet,7,47.505
28/10/2018,22,107,14,1/11/2018,26/12/2018,55,2,D6,6.09,1.34,0.220032841,0.779967159,17/1/2019,dry,dry,7,37.248
3/9/2018,10,4,-,11/9/2018,11/9/2018,0,0,D1,6.37,5.76,0.904238619,0.095761381,21/9/2018,dry,wet,12,34.166
8/9/2018,27,9,-,18/9/2018,18/9/2018,0,0,W2,6.36,5.75,0.90408805,0.09591195,28/9/2018,wet,wet,7,47.505
27/9/2018,15,9,B SW,4/10/2018,4/10/2018,0,0,W4,6.02,5.43,0.901993355,0.098006645,12/10/2018,wet,wet,12,49.459
28/10/2018,8,405,21,30/10/2018,26/12/2018,57,2,D6,6.22,1.68,0.270096463,0.729903537,8/1/2019,dry,dry,7,37.248
8/9/2018,8,4,-,11/9/2018,11/9/2018,0,0,W2,6.25,5.63,0.9008,0.0992,21/9/2018,wet,wet,7,47.505
27/9/2018,14,405,A SE,2/10/2018,2/10/2018,0,0,W4,6.09,5.48,0.899835796,0.100164204,12/10/2018,wet,dry,12,49.459
8/9/2018,28,3,-,11/9/2018,11/9/2018,0,0,D2,6.08,5.47,0.899671053,0.100328947,21/9/2018,dry,wet,11,34.786
3/9/2018,46,6,-,6/9/2018,6/9/2018,0,0,D1,6.84,6.15,0.899122807,0.100877193,14/9/2018,dry,wet,12,34.166
28/10/2018,21,213,2,30/10/2018,26/12/2018,57,2,D6,6.46,1.89,0.292569659,0.707430341,15/1/2019,dry,dry,7,37.248
14/9/2018,33,213,1,20/9/2018,13/11/2018,54,2,W3,6.08,1.84,0.302631579,0.697368421,3/12/2018,wet,dry,7,45.612
8/9/2018,22,4,-,11/9/2018,11/9/2018,0,0,D2,6.13,5.51,0.898858075,0.101141925,21/9/2018,dry,wet,11,34.786
27/9/2018,4,107,B SE,4/10/2018,4/10/2018,0,0,W4,6,5.39,0.898333333,0.101666667,12/10/2018,wet,dry,12,49.459
8/9/2018,19,408,-,20/9/2018,20/9/2018,0,0,D2,6.27,5.63,0.897926635,0.102073365,28/9/2018,dry,dry,11,34.786
3/9/2018,17,405,-,4/9/2018,4/9/2018,0,0,D1,6.07,5.45,0.89785832,0.10214168,14/9/2018,dry,dry,12,34.166
3/9/2018,21,10,-,11/9/2018,11/9/2018,0,0,D1,6.04,5.42,0.897350993,0.102649007,21/9/2018,dry,wet,12,34.166
8/9/2018,27,9,-,18/9/2018,18/9/2018,0,0,D2,6.08,5.45,0.896381579,0.103618421,28/9/2018,dry,wet,11,34.786
8/9/2018,14,6,-,18/9/2018,18/9/2018,0,0,D2,6.03,5.39,0.893864013,0.106135987,28/9/2018,dry,wet,11,34.786
8/9/2018,21,213,-,20/9/2018,20/9/2018,0,0,D2,6.03,5.39,0.893864013,0.106135987,28/9/2018,dry,dry,11,34.786
26/10/2018,14,107,b1,1/11/2018,1/11/2018,0,0,W6,6.08,5.43,0.893092105,0.106907895,9/11/2018,wet,dry,10,45.086
27/9/2018,6,4,C NE,9/10/2018,9/10/2018,0,0,W4,6.04,5.39,0.892384106,0.107615894,19/10/2018,wet,wet,12,49.459
3/9/2018,43,4,-,11/9/2018,11/9/2018,0,0,W1,6.12,5.46,0.892156863,0.107843137,21/9/2018,wet,wet,9,47.11
8/9/2018,21,6,-,18/9/2018,18/9/2018,0,0,W2,6.28,5.6,0.891719745,0.108280255,28/9/2018,wet,wet,7,47.505
28/10/2018,7,107,16,1/11/2018,26/12/2018,55,2,D6,6.31,2.25,0.356576862,0.643423138,17/1/2019,dry,dry,7,37.248
3/9/2018,20,107,-,6/9/2018,6/9/2018,0,0,W1,6.09,5.43,0.891625616,0.108374384,14/9/2018,wet,dry,9,47.11
3/9/2018,4,408,-,4/9/2018,4/9/2018,0,0,W1,6.14,5.47,0.890879479,0.109120521,14/9/2018,wet,dry,9,47.11
3/9/2018,30,10,-,11/9/2018,11/9/2018,0,0,W1,6.04,5.36,0.887417219,0.112582781,21/9/2018,wet,wet,9,47.11
27/9/2018,25,107,15,4/10/2018,1/11/2018,28,1,W4,6.08,2.28,0.375,0.625,9/11/2018,wet,dry,12,49.459
3/9/2018,1,405,-,4/9/2018,4/9/2018,0,0,W1,6.14,5.44,0.885993485,0.114006515,14/9/2018,wet,dry,9,47.11
27/9/2018,24,10,C NW,9/10/2018,9/10/2018,0,0,W4,6.03,5.34,0.885572139,0.114427861,19/10/2018,wet,wet,12,49.459
28/10/2018,13,213,a1,30/10/2018,30/10/2018,0,0,D6,6.11,5.41,0.885433715,0.114566285,9/11/2018,dry,dry,7,37.248
11/10/2018,32,107,b2,18/10/2018,18/10/2018,0,0,D5,6.01,5.3,0.881863561,0.118136439,26/11/2018,dry,dry,18,31.353
17/9/2018,31,408,28,20/9/2018,13/11/2018,54,2,D3,6.01,2.33,0.387687188,0.612312812,28/11/2018,dry,dry,21,31.781
26/10/2018,6,213,a1,30/10/2018,30/10/2018,0,0,W6,6.26,5.51,0.880191693,0.119808307,9/11/2018,wet,dry,10,45.086
7/12/2018,27,1,44,18/12/2018,15/1/2019,28,1,D8,6.08,2.4,0.394736842,0.605263158,19/2/2019,dry,dry,14,32.99
28/10/2018,25,3,c1,5/11/2018,5/11/2018,0,0,D6,6.36,5.59,0.878930818,0.121069182,16/11/2018,dry,wet,7,37.248
26/10/2018,32,10,c2,5/11/2018,5/11/2018,0,0,W6,6.65,5.84,0.878195489,0.121804511,16/11/2018,wet,wet,10,45.086
8/12/2018,28,1,c2,18/12/2018,18/12/2018,0,0,W8,6.07,5.33,0.878088962,0.121911038,28/12/2018,wet,dry,,44.619
28/10/2018,14,213,1,30/10/2018,26/12/2018,57,2,D6,6.43,2.6,0.404354588,0.595645412,15/1/2019,dry,dry,7,37.248
26/10/2018,26,6,b2,1/11/2018,1/11/2018,0,0,W6,6.23,5.47,0.878009631,0.121990369,9/11/2018,wet,wet,10,45.086
28/9/2018,15,405,22,2/10/2018,30/10/2018,28,1,D4,6.06,2.48,0.409240924,0.590759076,9/11/2018,dry,dry,18,34.469
17/9/2018,24,405,24,20/9/2018,13/11/2018,54,2,D3,6.03,2.53,0.419568823,0.580431177,28/11/2018,dry,dry,21,31.781
28/10/2018,34,1,44,5/11/2018,2/1/2019,58,2,D6,6.32,2.68,0.424050633,0.575949367,30/1/2019,dry,dry,7,37.248
28/10/2018,19,405,a2,30/10/2018,30/10/2018,0,0,D6,6.24,5.47,0.876602564,0.123397436,9/11/2018,dry,dry,7,37.248
14/9/2018,34,107,13,18/9/2018,15/11/2018,58,2,W3,6.03,2.61,0.432835821,0.567164179,24/12/2018,wet,dry,7,45.612
17/9/2018,32,405,21,20/9/2018,13/11/2018,54,2,D3,6.09,2.65,0.435139573,0.564860427,28/11/2018,dry,dry,21,31.781
3/9/2018,26,107,-,6/9/2018,6/9/2018,0,0,D1,6.04,5.29,0.875827815,0.124172185,14/9/2018,dry,dry,12,34.166
28/10/2018,1,107,b1,1/11/2018,1/11/2018,0,0,D6,6.19,5.42,0.875605816,0.124394184,9/11/2018,dry,dry,7,37.248
14/9/2018,13,408,27,20/9/2018,13/11/2018,54,2,W3,6.11,2.7,0.441898527,0.558101473,28/11/2018,wet,dry,7,45.612
26/10/2018,4,405,a2,30/10/2018,30/10/2018,0,0,W6,6.23,5.44,0.873194222,0.126805778,9/11/2018,wet,dry,10,45.086
26/10/2018,11,3,c1,5/11/2018,5/11/2018,0,0,W6,6.07,5.3,0.873146623,0.126853377,16/11/2018,wet,wet,10,45.086
28/9/2018,5,213,1,2/10/2018,30/10/2018,28,1,D4,6.12,2.76,0.450980392,0.549019608,9/11/2018,dry,dry,18,34.469
17/9/2018,33,408,26,20/9/2018,13/11/2018,54,2,D3,6.07,2.74,0.451400329,0.548599671,28/11/2018,dry,dry,21,31.781
28/10/2018,11,6,b2,1/11/2018,1/11/2018,0,0,D6,6.15,5.36,0.871544715,0.128455285,9/11/2018,dry,wet,7,37.248
14/9/2018,22,10,36,25/9/2018,20/11/2018,56,2,W3,6.16,2.79,0.452922078,0.547077922,28/12/2018,wet,wet,7,45.612
28/9/2018,35,408,A NE,2/10/2018,2/10/2018,0,0,D4,6.19,5.37,0.867528271,0.132471729,12/10/2018,dry,dry,18,34.469
28/10/2018,26,10,c2,5/11/2018,5/11/2018,0,0,D6,6.3,5.46,0.866666667,0.133333333,16/11/2018,dry,wet,7,37.248
28/9/2018,34,9,B SW,4/10/2018,4/10/2018,0,0,D4,6.13,5.29,0.862969005,0.137030995,12/10/2018,dry,wet,18,34.469
11/10/2018,10,9,b1,18/10/2018,18/10/2018,0,0,D5,6.08,5.24,0.861842105,0.138157895,26/11/2018,dry,wet,18,31.353
17/9/2018,35,107,13,18/9/2018,15/11/2018,58,2,D3,6.03,2.91,0.482587065,0.517412935,24/12/2018,dry,dry,21,31.781
28/9/2018,13,107,B SE,4/10/2018,4/10/2018,0,0,D4,6.04,5.15,0.852649007,0.147350993,12/10/2018,dry,dry,18,34.469
27/9/2018,21,405,21,2/10/2018,30/10/2018,28,1,W4,6.03,2.96,0.490878939,0.509121061,9/11/2018,wet,dry,12,49.459
7/12/2018,29,1,43,18/12/2018,15/1/2019,28,1,D8,6.02,2.96,0.491694352,0.508305648,19/2/2019,dry,dry,14,32.99
11/10/2018,16,405,24,16/10/2018,13/11/2018,28,1,D5,6.06,2.98,0.491749175,0.508250825,28/11/2018,dry,dry,18,31.353
11/10/2018,14,4,c1,23/10/2018,23/10/2018,0,0,D5,6.03,5.12,0.849087894,0.150912106,2/11/2018,dry,wet,18,31.353
28/10/2018,10,1,42,5/11/2018,2/1/2019,58,2,D6,6.13,3.05,0.497553018,0.502446982,30/1/2019,dry,dry,7,37.248
17/9/2018,46,107,-,18/9/2018,18/9/2018,0,0,D3,6.13,5.2,0.848287113,0.151712887,28/9/2018,dry,dry,21,31.781
28/9/2018,3,10,C NW,9/10/2018,9/10/2018,0,0,D4,6.06,5.14,0.848184818,0.151815182,19/10/2018,dry,wet,18,34.469
28/9/2018,24,4,C NE,9/10/2018,9/10/2018,0,0,D4,6.03,5.1,0.845771144,0.154228856,19/10/2018,dry,wet,18,34.469
17/9/2018,26,3,-,25/9/2018,25/9/2018,0,0,D3,6.02,5.08,0.843853821,0.156146179,5/10/2018,dry,wet,21,31.781
17/9/2018,19,405,-,20/9/2018,20/9/2018,0,0,D3,6.09,5.13,0.842364532,0.157635468,28/9/2018,dry,dry,21,31.781
17/9/2018,1,10,-,25/9/2018,25/9/2018,0,0,D3,6.04,5.08,0.841059603,0.158940397,5/10/2018,dry,wet,21,31.781
28/9/2018,22,408,26,2/10/2018,30/10/2018,28,1,D4,6.1,3.12,0.51147541,0.48852459,9/11/2018,dry,dry,18,34.469
14/9/2018,9,213,2,20/9/2018,13/11/2018,54,2,W3,6.33,3.25,0.51342812,0.48657188,3/12/2018,wet,dry,7,45.612
14/9/2018,21,3,-,25/9/2018,25/9/2018,0,0,W3,6.04,5.08,0.841059603,0.158940397,5/10/2018,wet,wet,7,45.612
14/9/2018,19,405,23,20/9/2018,13/11/2018,54,2,W3,6.01,3.1,0.515806988,0.484193012,28/11/2018,wet,dry,7,45.612
3/9/2018,5,408,-,4/9/2018,4/9/2018,0,0,D1,6.71,5.63,0.8390462,0.1609538,14/9/2018,dry,dry,12,34.166
8/12/2018,30,405,a2,10/12/2018,10/12/2018,0,0,W8,6.07,5.09,0.838550247,0.161449753,21/12/2018,wet,dry,,44.619
28/9/2018,32,405,21,2/10/2018,30/10/2018,28,1,D4,6.12,3.22,0.526143791,0.473856209,9/11/2018,dry,dry,18,34.469
14/9/2018,5,1,42,25/9/2018,20/11/2018,56,2,W3,6.42,3.43,0.534267913,0.465732087,2/1/2019,wet,dry,7,45.612
17/9/2018,25,107,-,18/9/2018,18/9/2018,0,0,D3,6,5.02,0.836666667,0.163333333,28/9/2018,dry,dry,21,31.781
14/9/2018,6,213,4,20/9/2018,13/11/2018,54,2,W3,6.2,3.35,0.540322581,0.459677419,3/12/2018,wet,dry,7,45.612
28/10/2018,6,408,28,30/10/2018,26/12/2018,57,2,D6,6.09,3.33,0.54679803,0.45320197,8/1/2019,dry,dry,7,37.248
17/9/2018,10,107,14,18/9/2018,15/11/2018,58,2,D3,6.12,3.35,0.547385621,0.452614379,24/12/2018,dry,dry,21,31.781
8/12/2018,33,6,b2,13/12/2018,13/12/2018,0,0,W8,6.03,5.04,0.835820896,0.164179104,21/12/2018,wet,wet,,44.619
26/10/2018,13,213,3,30/10/2018,26/12/2018,57,2,W6,6.08,3.36,0.552631579,0.447368421,15/1/2019,wet,dry,10,45.086
8/12/2018,25,9,b1,13/12/2018,13/12/2018,0,0,W8,6.07,5.07,0.835255354,0.164744646,28/12/2018,wet,wet,,44.619
26/10/2018,25,107,14,1/11/2018,26/12/2018,55,2,W6,6.12,3.39,0.553921569,0.446078431,17/1/2019,wet,dry,10,45.086
26/10/2018,36,1,42,5/11/2018,2/1/2019,58,2,W6,6.66,3.7,0.555555556,0.444444444,30/1/2019,wet,dry,10,45.086
14/9/2018,14,6,17,18/9/2018,15/11/2018,58,2,W3,6.12,3.41,0.557189542,0.442810458,8/12/2018,wet,wet,7,45.612
14/9/2018,4,3,37,25/9/2018,20/11/2018,56,2,W3,6.42,3.58,0.557632399,0.442367601,29/12/2018,wet,wet,7,45.612
17/9/2018,9,1,43,25/9/2018,20/11/2018,56,2,D3,6.08,3.4,0.559210526,0.440789474,2/1/2019,dry,dry,21,31.781
28/9/2018,33,213,4,2/10/2018,30/10/2018,28,1,D4,6.14,3.44,0.560260586,0.439739414,9/11/2018,dry,dry,18,34.469
12/10/2018,11,405,24,16/10/2018,13/11/2018,28,1,W5,6.55,3.7,0.564885496,0.435114504,28/11/2018,wet,dry,3,44.42
14/9/2018,17,107,15,18/9/2018,15/11/2018,58,2,W3,6.3,3.57,0.566666667,0.433333333,24/12/2018,wet,dry,7,45.612
14/9/2018,20,107,14,18/9/2018,15/11/2018,58,2,W3,6.32,3.59,0.568037975,0.431962025,24/12/2018,wet,dry,7,45.612
12/10/2018,13,107,16,18/10/2018,15/11/2018,28,1,W5,6.58,3.75,0.569908815,0.430091185,24/12/2018,wet,dry,3,44.42
12/10/2018,33,3,39,23/10/2018,20/11/2018,28,1,W5,6.7,3.82,0.570149254,0.429850746,29/12/2018,wet,wet,3,44.42
11/10/2018,23,405,a1,16/10/2018,16/10/2018,0,0,D5,6.06,5.06,0.834983498,0.165016502,26/11/2018,dry,dry,18,31.353
12/10/2018,19,213,3,16/10/2018,13/11/2018,28,1,W5,6.5,3.72,0.572307692,0.427692308,3/12/2018,wet,dry,3,44.42
12/10/2018,25,408,27,16/10/2018,13/11/2018,28,1,W5,6.58,3.77,0.572948328,0.427051672,28/11/2018,wet,dry,3,44.42
3/9/2018,26,6,-,6/9/2018,6/9/2018,0,0,W1,6.37,5.29,0.830455259,0.169544741,14/9/2018,wet,wet,9,47.11
14/9/2018,45,213,3,20/9/2018,13/11/2018,54,2,W3,6.16,3.55,0.576298701,0.423701299,3/12/2018,wet,dry,7,45.612
14/9/2018,37,408,28,20/9/2018,13/11/2018,54,2,W3,6.13,3.55,0.579119086,0.420880914,28/11/2018,wet,dry,7,45.612
17/9/2018,20,408,-,20/9/2018,20/9/2018,0,0,D3,6.08,5.01,0.824013158,0.175986842,28/9/2018,dry,dry,21,31.781
14/9/2018,31,107,16,18/9/2018,15/11/2018,58,2,W3,6.08,3.56,0.585526316,0.414473684,24/12/2018,wet,dry,7,45.612
14/9/2018,3,9,29,18/9/2018,10/1/2019,114,2,W3,6.14,3.6,0.586319218,0.413680782,11/2/2019,wet,wet,7,45.612
28/9/2018,31,405,A SE,2/10/2018,2/10/2018,0,0,D4,6.02,4.93,0.818936877,0.181063123,12/10/2018,dry,dry,18,34.469
12/10/2018,18,4,c1,23/10/2018,23/10/2018,0,0,W5,6.86,5.59,0.814868805,0.185131195,2/11/2018,wet,wet,3,44.42
12/10/2018,16,213,2,16/10/2018,13/11/2018,28,1,W5,6.5,3.84,0.590769231,0.409230769,3/12/2018,wet,dry,3,44.42
11/10/2018,25,3,c2,23/10/2018,23/10/2018,0,0,D5,6.11,4.97,0.813420622,0.186579378,2/11/2018,dry,wet,18,31.353
17/9/2018,44,405,23,20/9/2018,13/11/2018,54,2,D3,6.11,3.62,0.592471358,0.407528642,28/11/2018,dry,dry,21,31.781
14/9/2018,12,107,-,18/9/2018,18/9/2018,0,0,W3,6.47,5.26,0.812982998,0.187017002,28/9/2018,wet,dry,7,45.612
11/10/2018,31,408,a2,16/10/2018,16/10/2018,0,0,D5,6.11,4.92,0.805237316,0.194762684,26/11/2018,dry,dry,18,31.353
14/9/2018,38,408,26,20/9/2018,13/11/2018,54,2,W3,6.35,3.8,0.598425197,0.401574803,28/11/2018,wet,dry,7,45.612
8/12/2018,20,4,c1,18/12/2018,18/12/2018,0,0,W8,6.04,4.86,0.804635762,0.195364238,28/12/2018,wet,wet,,44.619
14/9/2018,41,10,34,25/9/2018,20/11/2018,56,2,W3,6.07,3.66,0.602965404,0.397034596,28/12/2018,wet,wet,7,45.612
14/9/2018,29,1,41,25/9/2018,20/11/2018,56,2,W3,6.02,3.64,0.604651163,0.395348837,2/1/2019,wet,dry,7,45.612
14/9/2018,42,1,44,25/9/2018,20/11/2018,56,2,W3,6.02,3.64,0.604651163,0.395348837,2/1/2019,wet,dry,7,45.612
12/10/2018,30,10,34,23/10/2018,20/11/2018,28,1,W5,6.63,4.01,0.604826546,0.395173454,28/12/2018,wet,wet,3,44.42
14/9/2018,32,405,22,20/9/2018,13/11/2018,54,2,W3,6.1,3.69,0.604918033,0.395081967,28/11/2018,wet,dry,7,45.612
8/9/2018,22,4,9,11/9/2018,2/1/2019,113,4,W2,6.21,4.92,0.792270531,0.207729469,26/1/2019,wet,wet,7,47.505
14/9/2018,23,1,43,25/9/2018,20/11/2018,56,2,W3,6.08,3.69,0.606907895,0.393092105,2/1/2019,wet,dry,7,45.612
17/9/2018,29,1,44,25/9/2018,20/11/2018,56,2,D3,6.06,3.7,0.610561056,0.389438944,2/1/2019,dry,dry,21,31.781
14/9/2018,30,6,-,18/9/2018,18/9/2018,0,0,W3,6.08,4.81,0.791118421,0.208881579,28/9/2018,wet,wet,7,45.612
14/9/2018,24,6,19,18/9/2018,15/11/2018,58,2,W3,6,3.68,0.613333333,0.386666667,8/12/2018,wet,wet,7,45.612
8/9/2018,33,9,31,18/9/2018,10/1/2019,114,4,W2,6.4,4.97,0.7765625,0.2234375,11/2/2019,wet,wet,7,47.505
14/9/2018,15,3,38,25/9/2018,20/11/2018,56,2,W3,6.12,3.77,0.616013072,0.383986928,29/12/2018,wet,wet,7,45.612
7/12/2018,25,1,c2,18/12/2018,18/12/2018,0,0,D8,6.02,4.66,0.774086379,0.225913621,21/12/2018,dry,dry,14,32.99
3/9/2018,6,9,32,6/9/2018,26/12/2018,111,4,W1,6.11,4.72,0.772504092,0.227495908,15/1/2019,wet,wet,9,47.11
3/9/2018,11,9,31,6/9/2018,26/12/2018,111,4,D1,6.02,4.65,0.772425249,0.227574751,15/1/2019,dry,wet,12,34.166
17/9/2018,22,405,22,20/9/2018,13/11/2018,54,2,D3,6.06,3.77,0.622112211,0.377887789,28/11/2018,dry,dry,21,31.781
8/9/2018,35,6,20,18/9/2018,10/1/2019,114,4,W2,6.15,4.74,0.770731707,0.229268293,8/2/2019,wet,wet,7,47.505
3/9/2018,3,3,39,11/9/2018,2/1/2019,113,4,W1,6.15,4.72,0.767479675,0.232520325,29/1/2019,wet,wet,9,47.11
3/9/2018,35,9,31,6/9/2018,26/12/2018,111,4,W1,6.01,4.61,0.767054908,0.232945092,15/1/2019,wet,wet,9,47.11
14/9/2018,46,408,25,20/9/2018,13/11/2018,54,2,W3,6.5,4.05,0.623076923,0.376923077,28/11/2018,wet,dry,7,45.612
7/12/2018,19,408,25,10/12/2018,8/1/2019,29,1,D8,6.05,3.77,0.623140496,0.376859504,8/2/2019,dry,dry,14,32.99
3/9/2018,32,6,19,6/9/2018,26/12/2018,111,4,W1,6.03,4.62,0.766169154,0.233830846,8/1/2019,wet,wet,9,47.11
8/9/2018,10,3,39,11/9/2018,2/1/2019,113,4,D2,6.05,4.61,0.761983471,0.238016529,29/1/2019,dry,wet,11,34.786
26/10/2018,33,1,41,5/11/2018,2/1/2019,58,2,W6,6.25,3.92,0.6272,0.3728,30/1/2019,wet,dry,10,45.086
12/10/2018,32,408,25,16/10/2018,13/11/2018,28,1,W5,6.61,4.16,0.62934947,0.37065053,28/11/2018,wet,dry,3,44.42
7/12/2018,11,213,3,10/12/2018,8/1/2019,29,1,D8,6.03,3.8,0.630182421,0.369817579,8/2/2019,dry,dry,14,32.99
7/12/2018,12,213,2,10/12/2018,8/1/2019,29,1,D8,6.01,3.79,0.630615641,0.369384359,8/2/2019,dry,dry,14,32.99
7/12/2018,1,107,15,13/12/2018,10/1/2019,28,1,D8,6.01,3.8,0.632279534,0.367720466,8/2/2019,dry,dry,14,32.99
12/10/2018,31,405,23,16/10/2018,13/11/2018,28,1,W5,6.51,4.12,0.632872504,0.367127496,28/11/2018,wet,dry,3,44.42
12/10/2018,34,4,12,23/10/2018,20/11/2018,28,1,W5,6.6,4.19,0.634848485,0.365151515,29/12/2018,wet,wet,3,44.42
7/12/2018,15,213,1,10/12/2018,8/1/2019,29,1,D8,6.11,3.88,0.63502455,0.36497545,8/2/2019,dry,dry,14,32.99
14/9/2018,11,9,30,18/9/2018,15/11/2018,58,2,W3,6.12,3.89,0.635620915,0.364379085,21/12/2018,wet,wet,7,45.612
14/9/2018,1,6,20,18/9/2018,15/11/2018,58,2,W3,6.15,3.91,0.635772358,0.364227642,8/12/2018,wet,wet,7,45.612
17/9/2018,6,213,4,20/9/2018,13/11/2018,54,2,D3,6.02,3.84,0.637873754,0.362126246,3/12/2018,dry,dry,21,31.781
8/12/2018,8,9,31,13/12/2018,10/1/2019,28,1,W8,6.03,3.85,0.638474295,0.361525705,11/2/2019,wet,wet,,44.619
7/12/2018,32,213,a1,10/12/2018,10/12/2018,0,0,D8,6.08,4.62,0.759868421,0.240131579,21/12/2018,dry,dry,14,32.99
27/9/2018,12,107,13,4/10/2018,1/11/2018,28,1,W4,6.01,3.86,0.642262895,0.357737105,9/11/2018,wet,dry,12,49.459
17/9/2018,15,6,19,18/9/2018,15/11/2018,58,2,D3,6.15,3.95,0.642276423,0.357723577,8/12/2018,dry,wet,21,31.781
8/12/2018,5,6,20,13/12/2018,10/1/2019,28,1,W8,6.08,3.91,0.643092105,0.356907895,8/2/2019,wet,wet,,44.619
14/9/2018,43,405,-,20/9/2018,20/9/2018,0,0,W3,6.11,4.64,0.759410802,0.240589198,28/9/2018,wet,dry,7,45.612
14/9/2018,10,4,9,25/9/2018,20/11/2018,56,2,W3,6.1,3.94,0.645901639,0.354098361,29/12/2018,wet,wet,7,45.612
7/12/2018,24,405,24,10/12/2018,8/1/2019,29,1,D8,6.02,3.89,0.646179402,0.353820598,4/2/2019,dry,dry,14,32.99
14/9/2018,40,4,10,25/9/2018,20/11/2018,56,2,W3,6.29,4.07,0.647058824,0.352941176,29/12/2018,wet,wet,7,45.612
17/9/2018,27,1,42,25/9/2018,20/11/2018,56,2,D3,6.07,3.94,0.649093904,0.350906096,2/1/2019,dry,dry,21,31.781
3/9/2018,34,4,12,11/9/2018,2/1/2019,113,4,W1,6.64,4.98,0.75,0.25,26/1/2019,wet,wet,9,47.11
17/9/2018,3,1,41,25/9/2018,20/11/2018,56,2,D3,6,3.9,0.65,0.35,2/1/2019,dry,dry,21,31.781
14/9/2018,18,10,35,25/9/2018,20/11/2018,56,2,W3,6.21,4.04,0.650563607,0.349436393,28/12/2018,wet,wet,7,45.612
8/12/2018,36,213,3,10/12/2018,8/1/2019,29,1,W8,6.04,3.93,0.650662252,0.349337748,8/2/2019,wet,dry,,44.619
17/9/2018,16,107,16,18/9/2018,15/11/2018,58,2,D3,6.05,3.94,0.651239669,0.348760331,24/12/2018,dry,dry,21,31.781
8/9/2018,33,9,29,18/9/2018,10/1/2019,114,4,D2,6.13,4.59,0.748776509,0.251223491,11/2/2019,dry,wet,11,34.786
14/9/2018,39,405,24,20/9/2018,13/11/2018,54,2,W3,6.07,3.96,0.652388797,0.347611203,28/11/2018,wet,dry,7,45.612
8/12/2018,32,405,21,10/12/2018,8/1/2019,29,1,W8,6.08,3.97,0.652960526,0.347039474,4/2/2019,wet,dry,,44.619
8/12/2018,34,107,14,13/12/2018,10/1/2019,28,1,W8,6.03,3.94,0.653399668,0.346600332,8/2/2019,wet,dry,,44.619
3/9/2018,41,10,35,11/9/2018,2/1/2019,113,4,D1,6.11,4.55,0.744680851,0.255319149,24/1/2019,dry,wet,12,34.166
7/12/2018,20,107,16,13/12/2018,10/1/2019,28,1,D8,6.05,3.96,0.654545455,0.345454545,8/2/2019,dry,dry,14,32.99
7/12/2018,14,4,9,18/12/2018,15/1/2019,28,1,D8,6.08,3.98,0.654605263,0.345394737,19/2/2019,dry,wet,14,32.99
28/10/2018,16,405,22,30/10/2018,26/12/2018,57,2,D6,6.09,3.99,0.655172414,0.344827586,8/1/2019,dry,dry,7,37.248
7/12/2018,33,6,19,13/12/2018,10/1/2019,28,1,D8,6.09,3.99,0.655172414,0.344827586,8/2/2019,dry,wet,14,32.99
14/9/2018,2,4,11,25/9/2018,20/11/2018,56,2,W3,6.01,3.94,0.655574043,0.344425957,29/12/2018,wet,wet,7,45.612
8/12/2018,18,213,1,10/12/2018,8/1/2019,29,1,W8,6.01,3.94,0.655574043,0.344425957,8/2/2019,wet,dry,,44.619
12/10/2018,3,405,a1,16/10/2018,16/10/2018,0,0,W5,6.5,4.83,0.743076923,0.256923077,26/11/2018,wet,dry,3,44.42
8/12/2018,12,408,25,10/12/2018,8/1/2019,29,1,W8,6,3.94,0.656666667,0.343333333,8/2/2019,wet,dry,,44.619
3/9/2018,46,9,29,6/9/2018,26/12/2018,111,4,W1,6.38,4.73,0.74137931,0.25862069,15/1/2019,wet,wet,9,47.11
26/10/2018,27,107,16,1/11/2018,26/12/2018,55,2,W6,6.21,4.08,0.657004831,0.342995169,17/1/2019,wet,dry,10,45.086
12/10/2018,29,6,19,18/10/2018,15/11/2018,28,1,W5,6.68,4.39,0.657185629,0.342814371,8/12/2018,wet,wet,3,44.42
17/9/2018,13,213,2,20/9/2018,13/11/2018,54,2,D3,6.19,4.07,0.657512116,0.342487884,3/12/2018,dry,dry,21,31.781
7/12/2018,22,405,a2,10/12/2018,10/12/2018,0,0,D8,6.01,4.45,0.740432612,0.259567388,21/12/2018,dry,dry,14,32.99
7/12/2018,13,408,28,10/12/2018,8/1/2019,29,1,D8,6.05,3.98,0.65785124,0.34214876,8/2/2019,dry,dry,14,32.99
12/10/2018,22,107,14,18/10/2018,15/11/2018,28,1,W5,6.89,4.54,0.65892598,0.34107402,24/12/2018,wet,dry,3,44.42
7/12/2018,16,10,35,18/12/2018,15/1/2019,28,1,D8,6.04,3.98,0.658940397,0.341059603,19/2/2019,dry,wet,14,32.99
3/9/2018,18,6,18,6/9/2018,26/12/2018,111,4,D1,6.14,4.54,0.739413681,0.260586319,8/1/2019,dry,wet,12,34.166
8/9/2018,4,9,29,18/9/2018,10/1/2019,114,4,W2,6.28,4.64,0.738853503,0.261146497,11/2/2019,wet,wet,7,47.505
8/12/2018,3,408,28,10/12/2018,8/1/2019,29,1,W8,6.01,3.97,0.660565724,0.339434276,8/2/2019,wet,dry,,44.619
12/10/2018,2,10,36,23/10/2018,20/11/2018,28,1,W5,6.57,4.34,0.660578387,0.339421613,28/12/2018,wet,wet,3,44.42
7/12/2018,8,405,22,10/12/2018,8/1/2019,29,1,D8,6.04,4,0.662251656,0.337748344,4/2/2019,dry,dry,14,32.99
14/9/2018,7,4,12,25/9/2018,20/11/2018,56,2,W3,6.01,3.99,0.663893511,0.336106489,29/12/2018,wet,wet,7,45.612
28/10/2018,36,408,25,30/10/2018,26/12/2018,57,2,D6,6.49,4.31,0.664098613,0.335901387,8/1/2019,dry,dry,7,37.248
12/10/2018,36,6,18,18/10/2018,15/11/2018,28,1,W5,6.74,4.48,0.664688427,0.335311573,8/12/2018,wet,wet,3,44.42
8/9/2018,24,4,10,11/9/2018,2/1/2019,113,4,D2,6.1,4.48,0.73442623,0.26557377,26/1/2019,dry,wet,11,34.786
28/10/2018,17,6,19,1/11/2018,26/12/2018,55,2,D6,6.21,4.13,0.665056361,0.334943639,8/1/2019,dry,wet,7,37.248
17/9/2018,21,408,27,20/9/2018,13/11/2018,54,2,D3,6.12,4.08,0.666666667,0.333333333,28/11/2018,dry,dry,21,31.781
14/9/2018,16,9,31,18/9/2018,15/11/2018,58,2,W3,6.03,4.02,0.666666667,0.333333333,21/12/2018,wet,wet,7,45.612
7/12/2018,3,1,41,18/12/2018,15/1/2019,28,1,D8,6.04,4.03,0.667218543,0.332781457,19/2/2019,dry,dry,14,32.99
12/10/2018,15,408,a2,16/10/2018,16/10/2018,0,0,W5,6.63,4.85,0.731523379,0.268476621,26/11/2018,wet,dry,3,44.42
8/9/2018,5,6,18,18/9/2018,10/1/2019,114,4,D2,6.18,4.51,0.729773463,0.270226537,8/2/2019,dry,wet,11,34.786
3/9/2018,9,10,36,11/9/2018,2/1/2019,113,4,D1,6.35,4.61,0.725984252,0.274015748,24/1/2019,dry,wet,12,34.166
17/9/2018,41,3,37,25/9/2018,20/11/2018,56,2,D3,6.1,4.08,0.668852459,0.331147541,29/12/2018,dry,wet,21,31.781
7/12/2018,9,408,27,10/12/2018,8/1/2019,29,1,D8,6.01,4.02,0.668885191,0.331114809,8/2/2019,dry,dry,14,32.99
7/12/2018,18,405,21,10/12/2018,8/1/2019,29,1,D8,6.07,4.07,0.670510708,0.329489292,4/2/2019,dry,dry,14,32.99
3/9/2018,16,10,35,11/9/2018,2/1/2019,113,4,W1,6.06,4.39,0.724422442,0.275577558,24/1/2019,wet,wet,9,47.11
17/9/2018,14,10,34,25/9/2018,20/11/2018,56,2,D3,6.09,4.09,0.671592775,0.328407225,28/12/2018,dry,wet,21,31.781
17/9/2018,30,213,3,20/9/2018,13/11/2018,54,2,D3,6.09,4.09,0.671592775,0.328407225,3/12/2018,dry,dry,21,31.781
12/10/2018,23,1,41,23/10/2018,20/11/2018,28,1,W5,6.55,4.4,0.671755725,0.328244275,2/1/2019,wet,dry,3,44.42
28/10/2018,29,213,3,30/10/2018,26/12/2018,57,2,D6,6.21,4.18,0.67310789,0.32689211,15/1/2019,dry,dry,7,37.248
8/9/2018,10,9,30,18/9/2018,10/1/2019,114,4,W2,6.31,4.57,0.724247227,0.275752773,11/2/2019,wet,wet,7,47.505
28/10/2018,12,1,41,5/11/2018,2/1/2019,58,2,D6,6.2,4.18,0.674193548,0.325806452,30/1/2019,dry,dry,7,37.248
8/9/2018,34,6,18,18/9/2018,10/1/2019,114,4,W2,6.09,4.41,0.724137931,0.275862069,8/2/2019,wet,wet,7,47.505
8/9/2018,9,10,34,11/9/2018,2/1/2019,113,4,D2,6.1,4.4,0.721311475,0.278688525,24/1/2019,dry,wet,11,34.786
7/12/2018,2,9,b1,13/12/2018,13/12/2018,0,0,D8,6.01,4.32,0.718801997,0.281198003,21/12/2018,dry,wet,14,32.99
28/10/2018,35,408,26,30/10/2018,26/12/2018,57,2,D6,6.35,4.29,0.675590551,0.324409449,8/1/2019,dry,dry,7,37.248
7/12/2018,35,107,14,13/12/2018,10/1/2019,28,1,D8,6.11,4.13,0.67594108,0.32405892,8/2/2019,dry,dry,14,32.99
26/10/2018,5,107,15,1/11/2018,26/12/2018,55,2,W6,6.25,4.23,0.6768,0.3232,17/1/2019,wet,dry,10,45.086
12/10/2018,10,9,29,18/10/2018,15/11/2018,28,1,W5,6.41,4.34,0.677067083,0.322932917,21/12/2018,wet,wet,3,44.42
17/9/2018,8,408,25,20/9/2018,13/11/2018,54,2,D3,6.05,4.1,0.67768595,0.32231405,28/11/2018,dry,dry,21,31.781
17/9/2018,12,107,15,18/9/2018,15/11/2018,58,2,D3,6.05,4.11,0.679338843,0.320661157,24/12/2018,dry,dry,21,31.781
8/12/2018,14,107,15,13/12/2018,10/1/2019,28,1,W8,6.02,4.09,0.679401993,0.320598007,8/2/2019,wet,dry,,44.619
14/9/2018,26,3,39,25/9/2018,20/11/2018,56,2,W3,6.15,4.18,0.679674797,0.320325203,29/12/2018,wet,wet,7,45.612
7/12/2018,10,3,38,18/12/2018,15/1/2019,28,1,D8,6.06,4.12,0.679867987,0.320132013,19/2/2019,dry,wet,14,32.99
3/9/2018,11,6,18,6/9/2018,26/12/2018,111,4,W1,6,4.3,0.716666667,0.283333333,8/1/2019,wet,wet,9,47.11
11/10/2018,21,1,44,23/10/2018,20/11/2018,28,1,D5,6.1,4.15,0.680327869,0.319672131,2/1/2019,dry,dry,18,31.353
17/9/2018,34,6,20,18/9/2018,15/11/2018,58,2,D3,6.01,4.09,0.680532446,0.319467554,8/12/2018,dry,wet,21,31.781
11/10/2018,3,213,3,16/10/2018,13/11/2018,28,1,D5,6.02,4.1,0.681063123,0.318936877,3/12/2018,dry,dry,18,31.353
7/12/2018,21,6,20,13/12/2018,10/1/2019,28,1,D8,6.06,4.13,0.681518152,0.318481848,8/2/2019,dry,wet,14,32.99
8/12/2018,11,9,30,13/12/2018,10/1/2019,28,1,W8,6.06,4.13,0.681518152,0.318481848,11/2/2019,wet,wet,,44.619
14/9/2018,8,10,33,25/9/2018,20/11/2018,56,2,W3,6.19,4.22,0.68174475,0.31825525,28/12/2018,wet,wet,7,45.612
26/10/2018,7,408,28,30/10/2018,26/12/2018,57,2,W6,6.13,4.18,0.681892333,0.318107667,8/1/2019,wet,dry,10,45.086
26/10/2018,22,213,1,30/10/2018,26/12/2018,57,2,W6,6.11,4.17,0.682487725,0.317512275,15/1/2019,wet,dry,10,45.086
7/12/2018,7,9,31,13/12/2018,10/1/2019,28,1,D8,6.01,4.12,0.685524126,0.314475874,11/2/2019,dry,wet,14,32.99
8/12/2018,7,10,35,18/12/2018,15/1/2019,28,1,W8,6.05,4.15,0.685950413,0.314049587,19/2/2019,wet,wet,,44.619
8/9/2018,25,3,39,11/9/2018,2/1/2019,113,4,W2,6.19,4.43,0.715670436,0.284329564,29/1/2019,wet,wet,7,47.505
8/9/2018,29,6,20,18/9/2018,10/1/2019,114,4,D2,6.01,4.3,0.71547421,0.28452579,8/2/2019,dry,wet,11,34.786
17/9/2018,28,213,1,20/9/2018,13/11/2018,54,2,D3,6.11,4.2,0.687397709,0.312602291,3/12/2018,dry,dry,21,31.781
11/10/2018,12,9,29,18/10/2018,15/11/2018,28,1,D5,6.21,4.27,0.687600644,0.312399356,21/12/2018,dry,wet,18,31.353
3/9/2018,13,10,33,11/9/2018,2/1/2019,113,4,W1,6.26,4.47,0.714057508,0.285942492,24/1/2019,wet,wet,9,47.11
28/9/2018,30,1,42,9/10/2018,5/11/2018,27,1,D4,6.15,4.24,0.689430894,0.310569106,16/11/2018,dry,dry,18,34.469
14/9/2018,28,3,40,25/9/2018,20/11/2018,56,2,W3,6.06,4.19,0.691419142,0.308580858,29/12/2018,wet,wet,7,45.612
28/9/2018,28,107,13,4/10/2018,1/11/2018,28,1,D4,6.03,4.17,0.691542289,0.308457711,9/11/2018,dry,dry,18,34.469
8/9/2018,30,4,10,11/9/2018,2/1/2019,113,4,W2,6.38,4.55,0.713166144,0.286833856,26/1/2019,wet,wet,7,47.505
26/10/2018,20,405,23,30/10/2018,26/12/2018,57,2,W6,6.01,4.17,0.693843594,0.306156406,8/1/2019,wet,dry,10,45.086
8/12/2018,2,3,39,18/12/2018,15/1/2019,28,1,W8,6.01,4.17,0.693843594,0.306156406,19/2/2019,wet,wet,,44.619
8/12/2018,27,6,19,13/12/2018,10/1/2019,28,1,W8,6.02,4.18,0.694352159,0.305647841,8/2/2019,wet,wet,,44.619
3/9/2018,6,10,33,11/9/2018,2/1/2019,113,4,D1,6.27,4.47,0.71291866,0.28708134,24/1/2019,dry,wet,12,34.166
3/9/2018,44,4,10,11/9/2018,2/1/2019,113,4,W1,6.2,4.41,0.711290323,0.288709677,26/1/2019,wet,wet,9,47.11
7/12/2018,30,4,12,18/12/2018,15/1/2019,28,1,D8,6.02,4.19,0.696013289,0.303986711,19/2/2019,dry,wet,14,32.99
8/9/2018,16,10,34,11/9/2018,2/1/2019,113,4,W2,6.89,4.9,0.711175617,0.288824383,24/1/2019,wet,wet,7,47.505
8/9/2018,25,9,30,18/9/2018,10/1/2019,114,4,D2,6.06,4.3,0.709570957,0.290429043,11/2/2019,dry,wet,11,34.786
12/10/2018,4,9,30,18/10/2018,15/11/2018,28,1,W5,6.66,4.64,0.696696697,0.303303303,21/12/2018,wet,wet,3,44.42
3/9/2018,25,4,11,11/9/2018,2/1/2019,113,4,W1,6.22,4.41,0.709003215,0.290996785,26/1/2019,wet,wet,9,47.11
7/12/2018,28,6,b2,13/12/2018,13/12/2018,0,0,D8,6.05,4.27,0.705785124,0.294214876,21/12/2018,dry,wet,14,32.99
17/9/2018,11,4,12,25/9/2018,20/11/2018,56,2,D3,6.01,4.19,0.697171381,0.302828619,29/12/2018,dry,wet,21,31.781
8/12/2018,1,107,16,13/12/2018,10/1/2019,28,1,W8,6.05,4.22,0.697520661,0.302479339,8/2/2019,wet,dry,,44.619
26/10/2018,9,213,2,30/10/2018,26/12/2018,57,2,W6,6.15,4.29,0.697560976,0.302439024,15/1/2019,wet,dry,10,45.086
28/10/2018,15,107,15,1/11/2018,26/12/2018,55,2,D6,6.29,4.39,0.697933227,0.302066773,17/1/2019,dry,dry,7,37.248
8/9/2018,28,3,38,11/9/2018,2/1/2019,113,4,W2,6.11,4.31,0.705400982,0.294599018,29/1/2019,wet,wet,7,47.505
11/10/2018,24,408,25,16/10/2018,13/11/2018,28,1,D5,6.05,4.23,0.699173554,0.300826446,28/11/2018,dry,dry,18,31.353
11/10/2018,28,1,41,23/10/2018,20/11/2018,28,1,D5,6,4.2,0.7,0.3,2/1/2019,dry,dry,18,31.353
26/10/2018,12,405,21,30/10/2018,26/12/2018,57,2,W6,6.3,4.41,0.7,0.3,8/1/2019,wet,dry,10,45.086
3/9/2018,9,3,38,11/9/2018,2/1/2019,113,4,W1,6.05,4.26,0.704132231,0.295867769,29/1/2019,wet,wet,9,47.11
7/12/2018,34,3,40,18/12/2018,15/1/2019,28,1,D8,6.08,4.26,0.700657895,0.299342105,19/2/2019,dry,wet,14,32.99
17/9/2018,40,10,36,25/9/2018,20/11/2018,56,2,D3,6.04,4.24,0.701986755,0.298013245,28/12/2018,dry,wet,21,31.781
8/12/2018,4,213,2,10/12/2018,8/1/2019,29,1,W8,6.01,4.22,0.702163062,0.297836938,8/2/2019,wet,dry,,44.619
8/12/2018,13,405,22,10/12/2018,8/1/2019,29,1,W8,6.02,4.23,0.702657807,0.297342193,4/2/2019,wet,dry,,44.619
8/12/2018,29,3,40,18/12/2018,15/1/2019,28,1,W8,6.04,4.25,0.703642384,0.296357616,19/2/2019,wet,wet,,44.619
8/9/2018,8,9,31,18/9/2018,10/1/2019,114,4,D2,6.01,4.21,0.700499168,0.299500832,11/2/2019,dry,wet,11,34.786
17/9/2018,7,6,17,18/9/2018,15/11/2018,58,2,D3,6.06,4.27,0.704620462,0.295379538,8/12/2018,dry,wet,21,31.781
26/10/2018,1,1,44,5/11/2018,2/1/2019,58,2,W6,6.4,4.51,0.7046875,0.2953125,30/1/2019,wet,dry,10,45.086
17/9/2018,38,4,11,25/9/2018,20/11/2018,56,2,D3,6.07,4.28,0.705107084,0.294892916,29/12/2018,dry,wet,21,31.781
14/9/2018,35,10,-,25/9/2018,25/9/2018,0,0,W3,6.01,4.2,0.698835275,0.301164725,5/10/2018,wet,wet,7,45.612
7/12/2018,17,4,c1,18/12/2018,18/12/2018,0,0,D8,6.07,4.23,0.696869852,0.303130148,28/12/2018,dry,wet,14,32.99
7/12/2018,23,10,33,18/12/2018,15/1/2019,28,1,D8,6.05,4.27,0.705785124,0.294214876,19/2/2019,dry,wet,14,32.99
7/12/2018,6,10,34,18/12/2018,15/1/2019,28,1,D8,6.02,4.25,0.705980066,0.294019934,19/2/2019,dry,wet,14,32.99
7/12/2018,31,3,39,18/12/2018,15/1/2019,28,1,D8,6.06,4.28,0.706270627,0.293729373,19/2/2019,dry,wet,14,32.99
11/10/2018,2,405,23,16/10/2018,13/11/2018,28,1,D5,6.05,4.28,0.707438017,0.292561983,28/11/2018,dry,dry,18,31.353
11/10/2018,13,6,19,18/10/2018,15/11/2018,28,1,D5,6.03,4.27,0.708126036,0.291873964,8/12/2018,dry,wet,18,31.353
27/9/2018,26,213,4,2/10/2018,30/10/2018,28,1,W4,6.1,4.32,0.708196721,0.291803279,9/11/2018,wet,dry,12,49.459
26/10/2018,35,408,26,30/10/2018,26/12/2018,57,2,W6,6.39,4.53,0.708920188,0.291079812,8/1/2019,wet,dry,10,45.086
12/10/2018,26,3,c2,23/10/2018,23/10/2018,0,0,W5,6.53,4.55,0.696784074,0.303215926,2/11/2018,wet,wet,3,44.42
3/9/2018,15,6,17,6/9/2018,26/12/2018,111,4,W1,6,4.18,0.696666667,0.303333333,8/1/2019,wet,wet,9,47.11
7/12/2018,5,9,30,13/12/2018,10/1/2019,28,1,D8,6.05,4.3,0.710743802,0.289256198,11/2/2019,dry,wet,14,32.99
8/12/2018,22,405,24,10/12/2018,8/1/2019,29,1,W8,6.05,4.3,0.710743802,0.289256198,4/2/2019,wet,dry,,44.619
8/9/2018,7,10,36,11/9/2018,2/1/2019,113,4,W2,6.23,4.34,0.696629213,0.303370787,24/1/2019,wet,wet,7,47.505
3/9/2018,15,9,29,6/9/2018,26/12/2018,111,4,D1,6.04,4.2,0.695364238,0.304635762,15/1/2019,dry,wet,12,34.166
26/10/2018,24,6,19,1/11/2018,26/12/2018,55,2,W6,6.08,4.33,0.712171053,0.287828947,8/1/2019,wet,wet,10,45.086
11/10/2018,22,107,14,18/10/2018,15/11/2018,28,1,D5,6.02,4.29,0.712624585,0.287375415,24/12/2018,dry,dry,18,31.353
7/12/2018,26,4,10,18/12/2018,15/1/2019,28,1,D8,6.02,4.29,0.712624585,0.287375415,19/2/2019,dry,wet,14,32.99
3/9/2018,22,4,9,11/9/2018,2/1/2019,113,4,W1,6,4.17,0.695,0.305,26/1/2019,wet,wet,9,47.11
7/12/2018,4,9,29,13/12/2018,10/1/2019,28,1,D8,6.03,4.3,0.713101161,0.286898839,11/2/2019,dry,wet,14,32.99
12/10/2018,20,9,b1,18/10/2018,18/10/2018,0,0,W5,6.89,4.78,0.693759071,0.306240929,26/11/2018,wet,wet,3,44.42
11/10/2018,4,107,16,18/10/2018,15/11/2018,28,1,D5,6.04,4.31,0.713576159,0.286423841,24/12/2018,dry,dry,18,31.353
26/10/2018,23,408,25,30/10/2018,26/12/2018,57,2,W6,6.11,4.36,0.713584288,0.286415712,8/1/2019,wet,dry,10,45.086
8/9/2018,18,6,17,18/9/2018,10/1/2019,114,4,W2,6.05,4.17,0.689256198,0.310743802,8/2/2019,wet,wet,7,47.505
8/12/2018,17,3,38,18/12/2018,15/1/2019,28,1,W8,6.03,4.31,0.714759536,0.285240464,19/2/2019,wet,wet,,44.619
3/9/2018,29,9,32,6/9/2018,26/12/2018,111,4,D1,6.17,4.24,0.68719611,0.31280389,15/1/2019,dry,wet,12,34.166
3/9/2018,24,3,37,11/9/2018,2/1/2019,113,4,W1,6.03,4.14,0.686567164,0.313432836,29/1/2019,wet,wet,9,47.11
26/10/2018,18,405,22,30/10/2018,26/12/2018,57,2,W6,6.14,4.4,0.716612378,0.283387622,8/1/2019,wet,dry,10,45.086
3/9/2018,12,9,30,6/9/2018,26/12/2018,111,4,D1,6.56,4.46,0.679878049,0.320121951,15/1/2019,dry,wet,12,34.166
26/10/2018,10,4,11,5/11/2018,2/1/2019,58,2,W6,6.25,4.48,0.7168,0.2832,26/1/2019,wet,wet,10,45.086
8/12/2018,6,213,a1,10/12/2018,10/12/2018,0,0,W8,6.07,4.1,0.675453048,0.324546952,21/12/2018,wet,dry,,44.619
3/9/2018,32,4,11,11/9/2018,2/1/2019,113,4,D1,6.03,4.07,0.674958541,0.325041459,26/1/2019,dry,wet,12,34.166
28/9/2018,10,408,28,2/10/2018,30/10/2018,28,1,D4,6.1,4.4,0.721311475,0.278688525,9/11/2018,dry,dry,18,34.469
27/9/2018,34,1,42,9/10/2018,5/11/2018,27,1,W4,6.03,4.35,0.721393035,0.278606965,16/11/2018,wet,dry,12,49.459
17/9/2018,37,3,40,25/9/2018,20/11/2018,56,2,D3,6.06,4.38,0.722772277,0.277227723,29/12/2018,dry,wet,21,31.781
28/9/2018,29,1,43,9/10/2018,5/11/2018,27,1,D4,6.03,4.36,0.72305141,0.27694859,16/11/2018,dry,dry,18,34.469
26/10/2018,8,10,36,5/11/2018,2/1/2019,58,2,W6,6.25,4.52,0.7232,0.2768,24/1/2019,wet,wet,10,45.086
26/10/2018,34,3,37,5/11/2018,2/1/2019,58,2,W6,6.54,4.73,0.72324159,0.27675841,29/1/2019,wet,wet,10,45.086
12/10/2018,27,107,b2,18/10/2018,18/10/2018,0,0,W5,6.64,4.48,0.674698795,0.325301205,26/11/2018,wet,dry,3,44.42
8/9/2018,31,10,35,11/9/2018,2/1/2019,113,4,W2,6.06,4.08,0.673267327,0.326732673,24/1/2019,wet,wet,7,47.505
28/10/2018,24,6,17,1/11/2018,26/12/2018,55,2,D6,6.42,4.65,0.724299065,0.275700935,8/1/2019,dry,wet,7,37.248
3/9/2018,10,10,36,11/9/2018,2/1/2019,113,4,W1,6.11,4.1,0.671031097,0.328968903,24/1/2019,wet,wet,9,47.11
14/9/2018,36,9,32,18/9/2018,15/11/2018,58,2,W3,6.03,4.37,0.724709784,0.275290216,21/12/2018,wet,wet,7,45.612
8/9/2018,6,4,11,11/9/2018,2/1/2019,113,4,D2,6.13,4.1,0.668841762,0.331158238,26/1/2019,dry,wet,11,34.786
8/12/2018,10,10,34,18/12/2018,15/1/2019,28,1,W8,6,4.37,0.728333333,0.271666667,19/2/2019,wet,wet,,44.619
8/12/2018,16,1,43,18/12/2018,15/1/2019,28,1,W8,6.01,4.38,0.728785358,0.271214642,19/2/2019,wet,dry,,44.619
14/9/2018,27,408,-,20/9/2018,20/9/2018,0,0,W3,6.33,4.23,0.668246445,0.331753555,28/9/2018,wet,dry,7,45.612
3/9/2018,42,3,40,11/9/2018,2/1/2019,113,4,D1,6.32,4.22,0.667721519,0.332278481,29/1/2019,dry,wet,12,34.166
17/9/2018,4,3,38,25/9/2018,20/11/2018,56,2,D3,6,4.39,0.731666667,0.268333333,29/12/2018,dry,wet,21,31.781
11/10/2018,19,10,34,23/10/2018,20/11/2018,28,1,D5,6.05,4.43,0.732231405,0.267768595,28/12/2018,dry,wet,18,31.353
28/9/2018,17,6,17,4/10/2018,1/11/2018,28,1,D4,6.04,4.43,0.733443709,0.266556291,9/11/2018,dry,wet,18,34.469
8/9/2018,17,10,36,11/9/2018,2/1/2019,113,4,D2,6.03,4.01,0.665008292,0.334991708,24/1/2019,dry,wet,11,34.786
17/9/2018,43,9,30,18/9/2018,15/11/2018,58,2,D3,6.13,4.51,0.735725938,0.264274062,21/12/2018,dry,wet,21,31.781
28/9/2018,36,3,38,9/10/2018,5/11/2018,27,1,D4,6.19,4.56,0.736672052,0.263327948,16/11/2018,dry,wet,18,34.469
12/10/2018,7,1,44,23/10/2018,20/11/2018,28,1,W5,6.42,4.73,0.736760125,0.263239875,2/1/2019,wet,dry,3,44.42
27/9/2018,13,213,1,2/10/2018,30/10/2018,28,1,W4,6.08,4.48,0.736842105,0.263157895,9/11/2018,wet,dry,12,49.459
27/9/2018,32,405,22,2/10/2018,30/10/2018,28,1,W4,6.02,4.44,0.737541528,0.262458472,9/11/2018,wet,dry,12,49.459
17/9/2018,5,4,10,25/9/2018,20/11/2018,56,2,D3,6.06,4.47,0.737623762,0.262376238,29/12/2018,dry,wet,21,31.781
17/9/2018,18,10,35,25/9/2018,20/11/2018,56,2,D3,6.12,4.52,0.738562092,0.261437908,28/12/2018,dry,wet,21,31.781
3/9/2018,27,10,34,11/9/2018,2/1/2019,113,4,D1,6.01,3.97,0.660565724,0.339434276,24/1/2019,dry,wet,12,34.166
17/9/2018,17,6,18,18/9/2018,15/11/2018,58,2,D3,6.13,4.53,0.738988581,0.261011419,8/12/2018,dry,wet,21,31.781
17/9/2018,45,10,33,25/9/2018,20/11/2018,56,2,D3,6.13,4.53,0.738988581,0.261011419,28/12/2018,dry,wet,21,31.781
12/10/2018,21,4,11,23/10/2018,20/11/2018,28,1,W5,6.75,4.99,0.739259259,0.260740741,29/12/2018,wet,wet,3,44.42
8/9/2018,36,3,40,11/9/2018,2/1/2019,113,4,D2,6.11,4.03,0.659574468,0.340425532,29/1/2019,dry,wet,11,34.786
17/9/2018,42,4,9,25/9/2018,20/11/2018,56,2,D3,6.11,4.52,0.739770867,0.260229133,29/12/2018,dry,wet,21,31.781
28/9/2018,4,9,32,4/10/2018,1/11/2018,28,1,D4,6.01,4.45,0.740432612,0.259567388,9/11/2018,dry,wet,18,34.469
3/9/2018,3,4,12,11/9/2018,2/1/2019,113,4,D1,6.4,4.21,0.6578125,0.3421875,26/1/2019,dry,wet,12,34.166
3/9/2018,29,10,34,11/9/2018,2/1/2019,113,4,W1,6.12,4.02,0.656862745,0.343137255,24/1/2019,wet,wet,9,47.11
28/9/2018,14,4,10,9/10/2018,5/11/2018,27,1,D4,6.02,4.47,0.742524917,0.257475083,16/11/2018,dry,wet,18,34.469
26/10/2018,21,3,40,5/11/2018,2/1/2019,58,2,W6,6.02,4.47,0.742524917,0.257475083,29/1/2019,wet,wet,10,45.086
8/9/2018,20,6,17,18/9/2018,10/1/2019,114,4,D2,6,3.94,0.656666667,0.343333333,8/2/2019,dry,wet,11,34.786
26/10/2018,2,3,38,5/11/2018,2/1/2019,58,2,W6,6.19,4.6,0.743134087,0.256865913,29/1/2019,wet,wet,10,45.086
8/12/2018,35,4,10,18/12/2018,15/1/2019,28,1,W8,6.02,4.48,0.744186047,0.255813953,19/2/2019,wet,wet,,44.619
11/10/2018,29,3,40,23/10/2018,20/11/2018,28,1,D5,6.06,4.51,0.744224422,0.255775578,29/12/2018,dry,wet,18,31.353
11/10/2018,6,213,2,16/10/2018,13/11/2018,28,1,D5,6.1,4.54,0.744262295,0.255737705,3/12/2018,dry,dry,18,31.353
8/9/2018,4,1,42,11/9/2018,2/1/2019,113,4,D2,6.02,3.94,0.65448505,0.34551495,30/1/2019,dry,dry,11,34.786
28/9/2018,6,3,37,9/10/2018,5/11/2018,27,1,D4,6,4.47,0.745,0.255,16/11/2018,dry,wet,18,34.469
28/9/2018,11,107,15,4/10/2018,1/11/2018,28,1,D4,6.12,4.58,0.748366013,0.251633987,9/11/2018,dry,dry,18,34.469
17/9/2018,36,9,29,18/9/2018,15/11/2018,58,2,D3,6.09,4.56,0.748768473,0.251231527,21/12/2018,dry,wet,21,31.781
28/9/2018,2,9,31,4/10/2018,1/11/2018,28,1,D4,6.09,4.56,0.748768473,0.251231527,9/11/2018,dry,wet,18,34.469
8/9/2018,23,1,41,11/9/2018,2/1/2019,113,4,W2,6.07,3.96,0.652388797,0.347611203,30/1/2019,wet,dry,7,47.505
26/10/2018,28,6,17,1/11/2018,26/12/2018,55,2,W6,6.37,4.77,0.748822606,0.251177394,8/1/2019,wet,wet,10,45.086
28/10/2018,31,3,38,5/11/2018,2/1/2019,58,2,D6,6.24,4.68,0.75,0.25,29/1/2019,dry,wet,7,37.248
8/9/2018,32,3,40,11/9/2018,2/1/2019,113,4,W2,6.33,4.11,0.6492891,0.3507109,29/1/2019,wet,wet,7,47.505
28/9/2018,19,10,35,9/10/2018,5/11/2018,27,1,D4,6,4.51,0.751666667,0.248333333,16/11/2018,dry,wet,18,34.469
26/10/2018,15,4,10,5/11/2018,2/1/2019,58,2,W6,6.3,4.74,0.752380952,0.247619048,26/1/2019,wet,wet,10,45.086
8/12/2018,26,10,33,18/12/2018,15/1/2019,28,1,W8,6.06,4.56,0.752475248,0.247524752,19/2/2019,wet,wet,,44.619
27/9/2018,30,6,17,4/10/2018,1/11/2018,28,1,W4,6.06,4.57,0.754125413,0.245874587,9/11/2018,wet,wet,12,49.459
8/12/2018,19,4,9,18/12/2018,15/1/2019,28,1,W8,6.02,4.54,0.754152824,0.245847176,19/2/2019,wet,wet,,44.619
27/9/2018,33,6,20,4/10/2018,1/11/2018,28,1,W4,6.04,4.56,0.754966887,0.245033113,9/11/2018,wet,wet,12,49.459
11/10/2018,18,408,27,16/10/2018,13/11/2018,28,1,D5,6.06,4.58,0.755775578,0.244224422,28/11/2018,dry,dry,18,31.353
8/12/2018,24,9,29,13/12/2018,10/1/2019,28,1,W8,6.07,4.59,0.756177924,0.243822076,11/2/2019,wet,wet,,44.619
26/10/2018,17,10,34,5/11/2018,2/1/2019,58,2,W6,6.17,4.67,0.756888169,0.243111831,24/1/2019,wet,wet,10,45.086
27/9/2018,1,408,28,2/10/2018,30/10/2018,28,1,W4,6.14,4.65,0.75732899,0.24267101,9/11/2018,wet,dry,12,49.459
11/10/2018,1,4,12,23/10/2018,20/11/2018,28,1,D5,6.02,4.57,0.759136213,0.240863787,29/12/2018,dry,wet,18,31.353
7/12/2018,36,6,17,13/12/2018,10/1/2019,28,1,D8,6.11,4.64,0.759410802,0.240589198,8/2/2019,dry,wet,14,32.99
3/9/2018,1,4,10,11/9/2018,2/1/2019,113,4,D1,6.38,4.12,0.645768025,0.354231975,26/1/2019,dry,wet,12,34.166
3/9/2018,34,3,39,11/9/2018,2/1/2019,113,4,D1,6.77,4.33,0.639586411,0.360413589,29/1/2019,dry,wet,12,34.166
8/12/2018,23,1,44,18/12/2018,15/1/2019,28,1,W8,6,4.56,0.76,0.24,19/2/2019,wet,dry,,44.619
8/12/2018,15,6,17,13/12/2018,10/1/2019,28,1,W8,6.01,4.57,0.760399334,0.239600666,8/2/2019,wet,wet,,44.619
26/10/2018,19,4,9,5/11/2018,2/1/2019,58,2,W6,6.32,4.81,0.761075949,0.238924051,26/1/2019,wet,wet,10,45.086
11/10/2018,11,4,11,23/10/2018,20/11/2018,28,1,D5,6.04,4.6,0.761589404,0.238410596,29/12/2018,dry,wet,18,31.353
3/9/2018,17,3,40,11/9/2018,2/1/2019,113,4,W1,6.06,3.8,0.627062706,0.372937294,29/1/2019,wet,wet,9,47.11
27/9/2018,19,408,26,2/10/2018,30/10/2018,28,1,W4,6.01,4.58,0.762063228,0.237936772,9/11/2018,wet,dry,12,49.459
28/10/2018,9,4,11,5/11/2018,2/1/2019,58,2,D6,6.39,4.87,0.762128326,0.237871674,26/1/2019,dry,wet,7,37.248
11/10/2018,27,3,39,23/10/2018,20/11/2018,28,1,D5,6.03,4.61,0.764510779,0.235489221,29/12/2018,dry,wet,18,31.353
28/10/2018,23,10,35,5/11/2018,2/1/2019,58,2,D6,6.31,4.83,0.765451664,0.234548336,24/1/2019,dry,wet,7,37.248
26/10/2018,29,10,35,5/11/2018,2/1/2019,58,2,W6,6.44,4.93,0.76552795,0.23447205,24/1/2019,wet,wet,10,45.086
17/9/2018,2,9,31,18/9/2018,15/11/2018,58,2,D3,6.15,4.71,0.765853659,0.234146341,21/12/2018,dry,wet,21,31.781
3/9/2018,44,3,38,11/9/2018,2/1/2019,113,4,D1,6.62,4.15,0.626888218,0.373111782,29/1/2019,dry,wet,12,34.166
28/9/2018,16,6,20,4/10/2018,1/11/2018,28,1,D4,6.04,4.63,0.766556291,0.233443709,9/11/2018,dry,wet,18,34.469
8/9/2018,26,4,11,11/9/2018,2/1/2019,113,4,W2,6.76,4.21,0.622781065,0.377218935,26/1/2019,wet,wet,7,47.505
8/9/2018,13,408,25,20/9/2018,8/1/2019,110,4,D2,6.04,3.76,0.622516556,0.377483444,8/2/2019,dry,dry,11,34.786
11/10/2018,35,10,36,23/10/2018,20/11/2018,28,1,D5,6,4.61,0.768333333,0.231666667,28/12/2018,dry,wet,18,31.353
27/9/2018,17,9,31,4/10/2018,1/11/2018,28,1,W4,6.02,4.63,0.76910299,0.23089701,9/11/2018,wet,wet,12,49.459
11/10/2018,36,9,30,18/10/2018,15/11/2018,28,1,D5,6.28,4.84,0.770700637,0.229299363,21/12/2018,dry,wet,18,31.353
3/9/2018,42,405,22,4/9/2018,26/12/2018,113,4,W1,6.38,3.97,0.622257053,0.377742947,8/1/2019,wet,dry,9,47.11
17/9/2018,39,9,32,18/9/2018,15/11/2018,58,2,D3,6.17,4.76,0.771474878,0.228525122,21/12/2018,dry,wet,21,31.781
3/9/2018,33,4,9,11/9/2018,12/2/2019,113,4,D1,6.79,NA,0.620029455,0.379970545,19/2/2019,dry,wet,12,34.166
8/9/2018,26,1,41,11/9/2018,2/1/2019,113,4,D2,6.07,3.76,0.619439868,0.380560132,30/1/2019,dry,dry,11,34.786
28/10/2018,2,10,34,5/11/2018,2/1/2019,58,2,D6,6.16,4.76,0.772727273,0.227272727,24/1/2019,dry,wet,7,37.248
3/9/2018,45,107,16,6/9/2018,26/12/2018,111,4,W1,6.07,3.76,0.619439868,0.380560132,17/1/2019,wet,dry,9,47.11
26/10/2018,3,9,30,1/11/2018,26/12/2018,55,2,W6,6.05,4.69,0.775206612,0.224793388,15/1/2019,wet,wet,10,45.086
28/10/2018,3,4,9,5/11/2018,2/1/2019,58,2,D6,6.14,4.76,0.7752443,0.2247557,26/1/2019,dry,wet,7,37.248
27/9/2018,27,4,10,9/10/2018,5/11/2018,27,1,W4,6.23,4.83,0.775280899,0.224719101,16/11/2018,wet,wet,12,49.459
28/10/2018,20,4,10,5/11/2018,2/1/2019,58,2,D6,6.25,4.85,0.776,0.224,26/1/2019,dry,wet,7,37.248
27/9/2018,35,10,33,9/10/2018,5/11/2018,27,1,W4,6.12,4.75,0.776143791,0.223856209,16/11/2018,wet,wet,12,49.459
3/9/2018,25,6,20,6/9/2018,26/12/2018,111,4,D1,6.52,4.01,0.615030675,0.384969325,8/1/2019,dry,wet,12,34.166
8/12/2018,9,1,41,18/12/2018,15/1/2019,28,1,W8,6,4.67,0.778333333,0.221666667,19/2/2019,wet,dry,,44.619
14/9/2018,25,6,18,18/9/2018,15/11/2018,58,2,W3,6.08,4.74,0.779605263,0.220394737,8/12/2018,wet,wet,7,45.612
28/10/2018,18,3,40,5/11/2018,2/1/2019,58,2,D6,6.16,4.81,0.780844156,0.219155844,29/1/2019,dry,wet,7,37.248
28/9/2018,23,10,33,9/10/2018,5/11/2018,27,1,D4,6.08,4.76,0.782894737,0.217105263,16/11/2018,dry,wet,18,34.469
8/12/2018,31,408,27,10/12/2018,8/1/2019,29,1,W8,6.06,4.76,0.785478548,0.214521452,8/2/2019,wet,dry,,44.619
27/9/2018,28,1,43,9/10/2018,5/11/2018,27,1,W4,6.17,4.86,0.787682334,0.212317666,16/11/2018,wet,dry,12,49.459
8/9/2018,7,10,35,11/9/2018,2/1/2019,113,4,D2,6.06,3.71,0.612211221,0.387788779,24/1/2019,dry,wet,11,34.786
27/9/2018,8,4,9,9/10/2018,5/11/2018,27,1,W4,6.34,5.02,0.791798107,0.208201893,16/11/2018,wet,wet,12,49.459
3/9/2018,31,6,17,6/9/2018,26/12/2018,111,4,D1,6.33,3.83,0.605055292,0.394944708,8/1/2019,dry,wet,12,34.166
27/9/2018,16,3,38,9/10/2018,5/11/2018,27,1,W4,6.04,4.79,0.793046358,0.206953642,16/11/2018,wet,wet,12,49.459
26/10/2018,31,9,31,1/11/2018,26/12/2018,55,2,W6,6.15,4.88,0.793495935,0.206504065,15/1/2019,wet,wet,10,45.086
26/10/2018,16,9,32,1/11/2018,26/12/2018,55,2,W6,6.14,4.88,0.794788274,0.205211726,15/1/2019,wet,wet,10,45.086
28/10/2018,5,10,36,5/11/2018,2/1/2019,58,2,D6,6.2,4.94,0.796774194,0.203225806,24/1/2019,dry,wet,7,37.248
27/9/2018,2,3,37,9/10/2018,5/11/2018,27,1,W4,6.01,4.8,0.798668885,0.201331115,16/11/2018,wet,wet,12,49.459
27/9/2018,31,10,35,9/10/2018,5/11/2018,27,1,W4,6.03,4.83,0.800995025,0.199004975,16/11/2018,wet,wet,12,49.459
28/10/2018,32,3,37,5/11/2018,2/1/2019,58,2,D6,6.58,5.29,0.803951368,0.196048632,29/1/2019,dry,wet,7,37.248
8/9/2018,18,3,38,11/9/2018,2/1/2019,113,4,D2,6.02,3.62,0.601328904,0.398671096,29/1/2019,dry,wet,11,34.786
3/9/2018,41,213,1,4/9/2018,26/12/2018,113,4,W1,6.17,3.69,0.598055105,0.401944895,15/1/2019,wet,dry,9,47.11
8/12/2018,21,4,12,18/12/2018,15/1/2019,28,1,W8,6.02,4.87,0.8089701,0.1910299,19/2/2019,wet,wet,,44.619
28/10/2018,33,9,31,1/11/2018,26/12/2018,55,2,D6,6.6,5.35,0.810606061,0.189393939,15/1/2019,dry,wet,7,37.248
11/10/2018,5,6,18,18/10/2018,15/11/2018,28,1,D5,6.2,5.04,0.812903226,0.187096774,8/12/2018,dry,wet,18,31.353
3/9/2018,28,408,25,4/9/2018,26/12/2018,113,4,W1,6.18,3.67,0.593851133,0.406148867,8/1/2019,wet,dry,9,47.11
8/9/2018,12,408,25,20/9/2018,8/1/2019,110,4,W2,6.04,3.57,0.591059603,0.408940397,8/2/2019,wet,dry,7,47.505
3/9/2018,38,1,43,11/9/2018,2/1/2019,113,4,W1,6.06,3.57,0.589108911,0.410891089,30/1/2019,wet,dry,9,47.11
27/9/2018,9,9,32,4/10/2018,1/11/2018,28,1,W4,6.07,4.95,0.815485997,0.184514003,9/11/2018,wet,wet,12,49.459
28/10/2018,27,9,32,1/11/2018,26/12/2018,55,2,D6,6.16,5.04,0.818181818,0.181818182,15/1/2019,dry,wet,7,37.248
8/9/2018,29,408,27,20/9/2018,8/1/2019,110,4,W2,6.1,3.59,0.58852459,0.41147541,8/2/2019,wet,dry,7,47.505
28/10/2018,28,9,30,1/11/2018,26/12/2018,55,2,D6,6.37,5.23,0.821036107,0.178963893,15/1/2019,dry,wet,7,37.248
26/10/2018,30,6,18,1/11/2018,26/12/2018,55,2,W6,6.33,5.2,0.821484992,0.178515008,8/1/2019,wet,wet,10,45.086
8/9/2018,24,213,3,20/9/2018,8/1/2019,110,4,W2,6.23,3.63,0.582664526,0.417335474,8/2/2019,wet,dry,7,47.505
3/9/2018,24,408,25,4/9/2018,26/12/2018,113,4,D1,6.07,3.49,0.574958814,0.425041186,8/1/2019,dry,dry,12,34.166
3/9/2018,30,3,37,11/9/2018,2/1/2019,113,4,D1,6.31,3.61,0.572107765,0.427892235,29/1/2019,dry,wet,12,34.166
3/9/2018,37,6,20,6/9/2018,26/12/2018,111,4,W1,6.06,3.35,0.552805281,0.447194719,8/1/2019,wet,wet,9,47.11
8/9/2018,9,213,1,20/9/2018,8/1/2019,110,4,W2,6.04,3.31,0.548013245,0.451986755,8/2/2019,wet,dry,7,47.505
3/9/2018,7,1,41,11/9/2018,2/1/2019,113,4,W1,6.18,3.31,0.535598706,0.464401294,30/1/2019,wet,dry,9,47.11
8/9/2018,3,1,43,11/9/2018,2/1/2019,113,4,D2,6.05,3.18,0.525619835,0.474380165,30/1/2019,dry,dry,11,34.786
8/9/2018,15,213,1,20/9/2018,8/1/2019,110,4,D2,6.05,3.13,0.517355372,0.482644628,8/2/2019,dry,dry,11,34.786
3/9/2018,12,405,21,4/9/2018,26/12/2018,113,4,W1,6.49,3.34,0.514637904,0.485362096,8/1/2019,wet,dry,9,47.11
8/9/2018,1,408,26,20/9/2018,8/1/2019,110,4,W2,6.2,3.16,0.509677419,0.490322581,8/2/2019,wet,dry,7,47.505
3/9/2018,22,6,19,6/9/2018,26/12/2018,111,4,D1,6.1,3.09,0.506557377,0.493442623,8/1/2019,dry,wet,12,34.166
3/9/2018,27,213,3,4/9/2018,26/12/2018,113,4,W1,6.66,3.37,0.506006006,0.493993994,15/1/2019,wet,dry,9,47.11
8/9/2018,5,213,2,20/9/2018,8/1/2019,110,4,W2,6.21,3.12,0.502415459,0.497584541,8/2/2019,wet,dry,7,47.505
8/9/2018,36,107,13,18/9/2018,10/1/2019,114,4,W2,6.21,3.11,0.500805153,0.499194847,8/2/2019,wet,dry,7,47.505
8/9/2018,20,107,14,18/9/2018,10/1/2019,114,4,W2,6.18,3.08,0.498381877,0.501618123,8/2/2019,wet,dry,7,47.505
8/9/2018,2,405,22,20/9/2018,8/1/2019,110,4,W2,6.16,3.04,0.493506494,0.506493506,4/2/2019,wet,dry,7,47.505
3/9/2018,8,107,14,6/9/2018,26/12/2018,111,4,D1,6.11,2.99,0.489361702,0.510638298,17/1/2019,dry,dry,12,34.166
28/10/2018,30,6,18,1/11/2018,26/12/2018,55,2,D6,6.45,5.5,0.852713178,0.147286822,8/1/2019,dry,wet,7,37.248
8/9/2018,3,405,21,20/9/2018,8/1/2019,110,4,W2,6.02,2.84,0.471760797,0.528239203,4/2/2019,wet,dry,7,47.505
3/9/2018,2,213,4,4/9/2018,26/12/2018,113,4,W1,6,2.79,0.465,0.535,15/1/2019,wet,dry,9,47.11
8/9/2018,2,213,2,20/9/2018,8/1/2019,110,4,D2,6.06,2.76,0.455445545,0.544554455,8/2/2019,dry,dry,11,34.786
3/9/2018,16,213,2,4/9/2018,26/12/2018,113,4,D1,6,2.73,0.455,0.545,15/1/2019,dry,dry,12,34.166
3/9/2018,40,405,24,4/9/2018,26/12/2018,113,4,W1,6.26,2.83,0.452076677,0.547923323,8/1/2019,wet,dry,9,47.11
8/9/2018,30,408,27,20/9/2018,8/1/2019,110,4,D2,6.3,2.81,0.446031746,0.553968254,8/2/2019,dry,dry,11,34.786
3/9/2018,7,1,41,11/9/2018,2/1/2019,113,4,D1,6.57,2.92,0.444444444,0.555555556,30/1/2019,dry,dry,12,34.166
3/9/2018,39,213,2,4/9/2018,26/12/2018,113,4,W1,6.01,2.63,0.437603993,0.562396007,15/1/2019,wet,dry,9,47.11
8/9/2018,31,107,13,18/9/2018,10/1/2019,114,4,D2,6.11,2.67,0.436988543,0.563011457,8/2/2019,dry,dry,11,34.786
8/9/2018,35,107,16,18/9/2018,10/1/2019,114,4,D2,6.28,2.69,0.428343949,0.571656051,8/2/2019,dry,dry,11,34.786
3/9/2018,23,213,1,4/9/2018,26/12/2018,113,4,D1,6.11,2.49,0.407528642,0.592471358,15/1/2019,dry,dry,12,34.166
3/9/2018,31,1,42,11/9/2018,2/1/2019,113,4,W1,6.1,2.46,0.403278689,0.596721311,30/1/2019,wet,dry,9,47.11
3/9/2018,36,405,22,4/9/2018,26/12/2018,113,4,D1,6.17,2.45,0.397082658,0.602917342,8/1/2019,dry,dry,12,34.166
3/9/2018,14,1,44,11/9/2018,2/1/2019,113,4,D1,6.14,2.43,0.395765472,0.604234528,30/1/2019,dry,dry,12,34.166
3/9/2018,37,405,24,4/9/2018,26/12/2018,113,4,D1,6.1,2.39,0.391803279,0.608196721,8/1/2019,dry,dry,12,34.166
3/9/2018,21,1,44,11/9/2018,2/1/2019,113,4,W1,6.1,2.36,0.386885246,0.613114754,30/1/2019,wet,dry,9,47.11
8/9/2018,23,107,14,18/9/2018,10/1/2019,114,4,D2,6.02,2.32,0.38538206,0.61461794,8/2/2019,dry,dry,11,34.786
8/9/2018,15,107,16,18/9/2018,10/1/2019,114,4,W2,6.28,2.41,0.383757962,0.616242038,8/2/2019,wet,dry,7,47.505
3/9/2018,13,1,43,11/9/2018,2/1/2019,113,4,D1,6.19,2.34,0.378029079,0.621970921,30/1/2019,dry,dry,12,34.166
8/9/2018,11,1,43,11/9/2018,2/1/2019,113,4,W2,6.21,2.31,0.371980676,0.628019324,30/1/2019,wet,dry,7,47.505
3/9/2018,45,107,15,6/9/2018,26/12/2018,111,4,D1,6.21,2.3,0.37037037,0.62962963,17/1/2019,dry,dry,12,34.166
8/9/2018,6,405,23,20/9/2018,8/1/2019,110,4,W2,6.39,2.36,0.369327074,0.630672926,4/2/2019,wet,dry,7,47.505
3/9/2018,19,408,26,4/9/2018,26/12/2018,113,4,W1,6.31,2.23,0.35340729,0.64659271,8/1/2019,wet,dry,9,47.11
3/9/2018,20,405,21,4/9/2018,26/12/2018,113,4,D1,6.03,2.13,0.353233831,0.646766169,8/1/2019,dry,dry,12,34.166
8/9/2018,11,213,3,20/9/2018,8/1/2019,110,4,D2,6.02,2.09,0.34717608,0.65282392,8/2/2019,dry,dry,11,34.786
8/9/2018,32,405,23,20/9/2018,8/1/2019,110,4,D2,6.05,2.09,0.345454545,0.654545455,4/2/2019,dry,dry,11,34.786
8/9/2018,34,405,22,20/9/2018,8/1/2019,110,4,D2,6.11,2.1,0.343698854,0.656301146,4/2/2019,dry,dry,11,34.786
3/9/2018,28,107,16,6/9/2018,26/12/2018,111,4,D1,6.83,2.34,0.342606149,0.657393851,17/1/2019,dry,dry,12,34.166
8/9/2018,16,408,26,20/9/2018,8/1/2019,110,4,D2,6.03,2.05,0.339966833,0.660033167,8/2/2019,dry,dry,11,34.786
3/9/2018,33,405,23,4/9/2018,26/12/2018,113,4,W1,6.16,2.07,0.336038961,0.663961039,8/1/2019,wet,dry,9,47.11
8/9/2018,12,405,21,20/9/2018,8/1/2019,110,4,D2,6.04,2.02,0.334437086,0.665562914,4/2/2019,dry,dry,11,34.786
8/9/2018,13,1,42,11/9/2018,2/1/2019,113,4,W2,6.12,2.01,0.328431373,0.671568627,30/1/2019,wet,dry,7,47.505
3/9/2018,19,405,23,4/9/2018,26/12/2018,113,4,D1,6.06,1.97,0.325082508,0.674917492,8/1/2019,dry,dry,12,34.166
3/9/2018,35,1,42,11/9/2018,2/1/2019,113,4,D1,6.06,1.9,0.313531353,0.686468647,30/1/2019,dry,dry,12,34.166
3/9/2018,36,107,14,6/9/2018,26/12/2018,111,4,W1,6.02,1.71,0.284053156,0.715946844,17/1/2019,wet,dry,9,47.11
3/9/2018,38,408,27,4/9/2018,26/12/2018,113,4,D1,6.68,1.87,0.27994012,0.72005988,8/1/2019,dry,dry,12,34.166
3/9/2018,18,107,13,6/9/2018,26/12/2018,111,4,W1,6.01,1.65,0.274542429,0.725457571,17/1/2019,wet,dry,9,47.11
3/9/2018,43,408,28,4/9/2018,26/12/2018,113,4,D1,6.64,1.8,0.271084337,0.728915663,8/1/2019,dry,dry,12,34.166
3/9/2018,2,107,13,6/9/2018,26/12/2018,111,4,D1,6.15,1.6,0.260162602,0.739837398,17/1/2019,dry,dry,12,34.166
3/9/2018,4,213,3,4/9/2018,26/12/2018,113,4,D1,6.77,1.56,0.23042836,0.76957164,15/1/2019,dry,dry,12,34.166
3/9/2018,40,408,26,4/9/2018,26/12/2018,113,4,D1,6.03,1.35,0.223880597,0.776119403,8/1/2019,dry,dry,12,34.166
3/9/2018,39,213,4,4/9/2018,26/12/2018,113,4,D1,6.03,1.31,0.217247098,0.782752902,15/1/2019,dry,dry,12,34.166
3/9/2018,5,408,28,4/9/2018,26/12/2018,113,4,W1,6.37,1.35,0.211930926,0.788069074,8/1/2019,wet,dry,9,47.11
3/9/2018,8,408,27,4/9/2018,26/12/2018,113,4,W1,6.09,0.99,0.162561576,0.837438424,8/1/2019,wet,dry,9,47.11
3/9/2018,23,107,15,6/9/2018,26/12/2018,111,4,W1,6.06,0.45,0.074257426,0.925742574,17/1/2019,wet,dry,9,47.11
8/9/2018,1,4,9,11/9/2018,2/1/2019,113,4,D2,6.08,NA,NA,,,dry,wet,11,34.786
17/9/2018,23,3,39,25/9/2018,20/11/2018,56,2,D3,6.07,NA,NA,,,dry,wet,21,31.781
28/9/2018,1,4,9,9/10/2018,5/11/2018,27,1,D4,6,NA,NA,,,dry,wet,18,34.469
3/9/2018,14,9,30,6/9/2018,11/2/2020,523,4,W1,6.11,3.36,0.549918167,0.450081833,12/3/2020,wet,wet,9,47.11
12/10/2018,14,3,40,23/10/2018,20/11/2018,28,1,W5,6.57,NA,NA,,,wet,wet,3,44.42
8/11/2019,3,4,c1,4/12/2019,4/12/2019,0,0,D7,6.17,4.92,0.797406807,0.202593193,17/12/2019,dry,wet,,
8/11/2019,19,3,c2,4/12/2019,4/12/2019,0,0,D7,6.31,5.26,0.833597464,0.166402536,17/12/2019,dry,wet,,
22/11/2019,7,4,c1,4/12/2019,4/12/2019,0,0,W7,6.03,5.44,0.902155887,0.097844113,17/12/2019,wet,wet,,
22/11/2019,9,3,c2,4/12/2019,4/12/2019,0,0,W7,6.02,5.4,0.897009967,0.102990033,17/12/2019,wet,wet,,
8/11/2019,2,405,a1,29/11/2019,29/11/2019,0,0,D7,6.14,5.02,0.817589577,0.182410423,8/12/2019,dry,dry,,
8/11/2019,7,107,b1,29/11/2019,29/11/2019,0,0,D7,6.37,5.19,0.814756672,0.185243328,8/12/2019,dry,dry,,
8/11/2019,13,6,b2,29/11/2019,29/11/2019,0,0,D7,6.28,5.16,0.821656051,0.178343949,8/12/2019,dry,wet,,
8/11/2019,23,408,a2,29/11/2019,29/11/2019,0,0,D7,6.35,5.18,0.815748031,0.184251969,8/12/2019,dry,dry,,
22/11/2019,2,405,a1,29/11/2019,29/11/2019,0,0,W7,6.08,5.5,0.904605263,0.095394737,8/12/2019,wet,dry,,
22/11/2019,5,107,b1,29/11/2019,29/11/2019,0,0,W7,6.02,5.43,0.901993355,0.098006645,8/12/2019,wet,dry,,
22/11/2019,15,6,b2,29/11/2019,29/11/2019,0,0,W7,6.07,5.41,0.891268534,0.108731466,8/12/2019,wet,wet,,
22/11/2019,18,408,a2,29/11/2019,29/11/2019,0,0,W7,6,5.39,0.898333333,0.101666667,8/12/2019,wet,dry,,
8/11/2019,30,213,1,29/11/2019,23/7/2019,236,8,D7,6.3,1.14,0.180952381,0.819047619,11/9/2019,dry,dry,,
22/11/2019,8,213,1,29/11/2019,23/7/2019,236,8,W7,6.02,2.01,0.333887043,0.666112957,11/9/2019,wet,dry,,
8/11/2019,28,213,3,29/11/2019,23/7/2019,236,8,D7,6.28,0.93,0.148089172,0.851910828,11/9/2019,dry,dry,,
22/11/2019,17,213,3,29/11/2019,23/7/2019,236,8,W7,6.01,2.47,0.410981697,0.589018303,11/9/2019,wet,dry,,
8/11/2019,4,213,2,29/11/2019,23/7/2019,236,8,D7,6.23,0.18,0.028892456,0.971107544,11/9/2019,dry,dry,,
22/11/2019,6,213,2,29/11/2019,23/7/2019,236,8,W7,6.02,1.45,0.240863787,0.759136213,11/9/2019,wet,dry,,
8/11/2019,21,4,9,4/12/2019,30/7/2019,238,8,D7,6.24,5.01,0.802884615,0.197115385,11/9/2019,dry,wet,,
22/11/2019,20,4,9,4/12/2019,30/7/2019,238,8,W7,6.02,2.94,0.488372093,0.511627907,11/9/2019,wet,wet,,
8/11/2019,26,4,10,4/12/2019,30/7/2019,238,8,D7,6.23,3.81,0.611556982,0.388443018,11/9/2019,dry,wet,,
22/11/2019,35,4,10,4/12/2019,30/7/2019,238,8,W7,6.13,3.79,0.618270799,0.381729201,11/9/2019,wet,wet,,
8/11/2019,31,4,12,4/12/2019,30/7/2019,238,8,D7,6.24,2.91,0.466346154,0.533653846,11/9/2019,dry,wet,,
22/11/2019,10,4,12,4/12/2019,30/7/2019,238,8,W7,6.02,3.07,0.509966777,0.490033223,11/9/2019,wet,wet,,
8/11/2019,32,107,14,29/11/2019,23/7/2019,236,8,D7,6.34,0.8,0.126182965,0.873817035,11/9/2019,dry,dry,,
22/11/2019,4,107,14,29/11/2019,23/7/2019,236,8,W7,6.04,1.08,0.178807947,0.821192053,11/9/2019,wet,dry,,
8/11/2019,24,107,15,29/11/2019,23/7/2019,236,8,D7,6.27,0.95,0.151515152,0.848484848,11/9/2019,dry,dry,,
22/11/2019,13,107,15,29/11/2019,23/7/2019,236,8,W7,6.05,1.42,0.234710744,0.765289256,11/9/2019,wet,dry,,
8/11/2019,8,107,16,29/11/2019,23/7/2019,236,8,D7,6.35,0.49,0.077165354,0.922834646,11/9/2019,dry,dry,,
22/11/2019,22,107,16,29/11/2019,23/7/2019,236,8,W7,6.05,0.33,0.054545455,0.945454545,11/9/2019,wet,dry,,
8/11/2019,25,6,18,29/11/2019,23/7/2019,236,8,D7,6.4,3.96,0.61875,0.38125,11/9/2019,dry,wet,,
22/11/2019,26,6,18,29/11/2019,23/7/2019,236,8,W7,6.03,3.53,0.585406302,0.414593698,11/9/2019,wet,wet,,
8/11/2019,33,6,19,29/11/2019,23/7/2019,236,8,D7,6.38,2.76,0.432601881,0.567398119,11/9/2019,dry,wet,,
22/11/2019,32,6,19,29/11/2019,23/7/2019,236,8,W7,6,2.83,0.471666667,0.528333333,11/9/2019,wet,wet,,
8/11/2019,5,6,20,29/11/2019,23/7/2019,236,8,D7,6.41,2.07,0.322932917,0.677067083,11/9/2019,dry,wet,,
22/11/2019,23,6,20,29/11/2019,23/7/2019,236,8,W7,6.03,1.84,0.305140962,0.694859038,11/9/2019,wet,wet,,
8/11/2019,34,405,21,29/11/2019,30/7/2019,243,8,D7,6.32,0.97,0.153481013,0.846518987,11/9/2019,dry,dry,,
22/11/2019,19,405,21,29/11/2019,30/7/2019,243,8,W7,6,0.73,0.121666667,0.878333333,11/9/2019,wet,dry,,
8/11/2019,16,405,23,29/11/2019,30/7/2019,243,8,D7,6.27,0.63,0.100478469,0.899521531,11/9/2019,dry,dry,,
22/11/2019,28,405,23,29/11/2019,30/7/2019,243,8,W7,6,1.27,0.211666667,0.788333333,11/9/2019,wet,dry,,
8/11/2019,11,405,24,29/11/2019,30/7/2019,243,8,D7,6.2,0.41,0.066129032,0.933870968,11/9/2019,dry,dry,,
22/11/2019,3,405,24,29/11/2019,30/7/2019,243,8,W7,6.06,0.62,0.102310231,0.897689769,11/9/2019,wet,dry,,
8/11/2019,35,408,25,29/11/2019,23/7/2019,236,8,D7,6.46,0.85,0.131578947,0.868421053,11/9/2019,dry,dry,,
22/11/2019,27,408,25,29/11/2019,23/7/2019,236,8,W7,6.02,1.09,0.181063123,0.818936877,11/9/2019,wet,dry,,
8/11/2019,22,408,26,29/11/2019,23/7/2019,236,8,D7,6.33,3.07,0.484992101,0.515007899,11/9/2019,dry,dry,,
22/11/2019,25,408,26,29/11/2019,23/7/2019,236,8,W7,6.05,1.25,0.20661157,0.79338843,11/9/2019,wet,dry,,
8/11/2019,10,408,28,29/11/2019,23/7/2019,236,8,D7,6.53,2.21,0.338437979,0.661562021,11/9/2019,dry,dry,,
22/11/2019,33,408,28,29/11/2019,23/7/2019,236,8,W7,6.02,1.56,0.259136213,0.740863787,11/9/2019,wet,dry,,
8/11/2019,9,9,29,29/11/2019,23/7/2019,236,8,D7,6.06,3.87,0.638613861,0.361386139,11/9/2019,dry,wet,,
22/11/2019,1,9,29,29/11/2019,23/7/2019,236,8,W7,6.1,3.42,0.560655738,0.439344262,11/9/2019,wet,wet,,
8/11/2019,6,9,30,29/11/2019,23/7/2019,236,8,D7,6.15,3.4,0.552845528,0.447154472,11/9/2019,dry,wet,,
22/11/2019,34,9,30,29/11/2019,23/7/2019,236,8,W7,6.17,3.5,0.56726094,0.43273906,11/9/2019,wet,wet,,
8/11/2019,17,9,31,29/11/2019,23/7/2019,236,8,D7,6.23,3.42,0.548956661,0.451043339,11/9/2019,dry,wet,,
22/11/2019,31,9,31,29/11/2019,23/7/2019,236,8,W7,6.01,3.57,0.594009983,0.405990017,11/9/2019,wet,wet,,
8/11/2019,12,10,33,4/12/2019,30/7/2019,238,8,D7,6.26,3.91,0.624600639,0.375399361,11/9/2019,dry,wet,,
22/11/2019,30,10,33,4/12/2019,30/7/2019,238,8,W7,6.1,2.73,0.447540984,0.552459016,11/9/2019,wet,wet,,
8/11/2019,14,10,34,4/12/2019,30/7/2019,238,8,D7,6.17,3.11,0.504051864,0.495948136,11/9/2019,dry,wet,,
22/11/2019,21,10,34,4/12/2019,30/7/2019,238,8,W7,6.06,2.83,0.4669967,0.5330033,11/9/2019,wet,wet,,
8/11/2019,29,10,35,4/12/2019,30/7/2019,238,8,D7,6.28,3.44,0.547770701,0.452229299,11/9/2019,dry,wet,,
22/11/2019,36,10,35,4/12/2019,30/7/2019,238,8,W7,6.04,2.08,0.344370861,0.655629139,11/9/2019,wet,wet,,
8/11/2019,15,3,37,4/12/2019,30/7/2019,238,8,D7,6.25,3.25,0.52,0.48,11/9/2019,dry,wet,,
22/11/2019,14,3,37,4/12/2019,30/7/2019,238,8,W7,6.07,2.24,0.369028007,0.630971993,11/9/2019,wet,wet,,
8/11/2019,18,3,38,4/12/2019,30/7/2019,238,8,D7,6.36,2.7,0.424528302,0.575471698,11/9/2019,dry,wet,,
22/11/2019,12,3,38,4/12/2019,30/7/2019,238,8,W7,6.06,2.73,0.45049505,0.54950495,11/9/2019,wet,wet,,
8/11/2019,20,3,40,4/12/2019,30/7/2019,238,8,D7,6.17,2.6,0.421393841,0.578606159,11/9/2019,dry,wet,,
22/11/2019,16,3,40,4/12/2019,30/7/2019,238,8,W7,6.01,1.95,0.324459235,0.675540765,11/9/2019,wet,wet,,
8/11/2019,27,1,41,4/12/2019,30/7/2019,238,8,D7,6.52,1.81,0.277607362,0.722392638,11/9/2019,dry,dry,,
22/11/2019,29,1,41,4/12/2019,30/7/2019,238,8,W7,6,0.98,0.163333333,0.836666667,11/9/2019,wet,dry,,
8/11/2019,1,1,42,4/12/2019,30/7/2019,238,8,D7,6.09,1.84,0.302134647,0.697865353,11/9/2019,dry,dry,,
22/11/2019,11,1,42,4/12/2019,30/7/2019,238,8,W7,6.06,0.4,0.066006601,0.933993399,11/9/2019,wet,dry,,
8/11/2019,36,1,44,4/12/2019,30/7/2019,238,8,D7,6.78,0.82,0.120943953,0.879056047,11/9/2019,dry,dry,,
22/11/2019,24,1,44,4/12/2019,30/7/2019,238,8,W7,6.01,0.82,0.136439268,0.863560732,11/9/2019,wet,dry,,
28/9/2018,18,4,9,9/10/2018,3/6/2019,237,8,D4,6.25,3.58,0.5728,0.4272,11/6/2019,dry,wet,18,34.469
27/9/2018,23,4,9,9/10/2018,3/6/2019,237,8,W4,6.04,4.26,0.705298013,0.294701987,11/6/2019,wet,wet,12,49.459
28/9/2018,8,405,21,2/10/2018,3/6/2019,244,8,D4,6.02,0.82,0.136212625,0.863787375,11/6/2019,dry,dry,18,34.469
27/9/2018,18,405,21,2/10/2018,3/6/2019,244,8,W4,6.13,0.71,0.115823817,0.884176183,11/6/2019,wet,dry,12,49.459
28/9/2018,25,10,34,9/10/2018,3/6/2019,237,8,D4,6.01,3.61,0.600665557,0.399334443,11/6/2019,dry,wet,18,34.469
27/9/2018,3,10,34,9/10/2018,3/6/2019,237,8,W4,6.05,3.63,0.6,0.4,11/6/2019,wet,wet,12,49.459
28/9/2018,12,3,39,9/10/2018,3/6/2019,237,8,D4,6.12,3.05,0.498366013,0.501633987,11/6/2019,dry,wet,18,34.469
27/9/2018,22,3,39,9/10/2018,3/6/2019,237,8,W4,6.02,3.93,0.65282392,0.34717608,11/6/2019,wet,wet,12,49.459
28/9/2018,7,1,44,9/10/2018,3/6/2019,237,8,D4,6,1.96,0.326666667,0.673333333,11/6/2019,dry,dry,18,34.469
27/9/2018,20,1,44,9/10/2018,3/6/2019,237,8,W4,6.04,0.91,0.150662252,0.849337748,11/6/2019,wet,dry,12,49.459
11/10/2018,34,107,15,18/10/2018,11/6/2019,236,8,D5,6.06,NA,NA,NA,,dry,dry,18,31.353
12/10/2018,9,10,33,23/10/2018,3/3/2020,497,8,W5,6.65,1.55,0.233082707,0.766917293,12/3/2020,wet,wet,3,44.42
28/9/2018,9,213,1,2/10/2018,11/6/2019,252,8,D4,6.03,1.33,0.220563847,0.779436153,20/6/2019,dry,dry,18,34.469
28/9/2018,20,9,31,4/10/2018,11/6/2019,250,8,D4,6.08,3.47,0.570723684,0.429276316,25/6/2019,dry,wet,18,34.469
28/9/2018,21,408,27,2/10/2018,11/6/2019,252,8,D4,6.46,1.31,0.202786378,0.797213622,20/6/2019,dry,dry,18,34.469
28/9/2018,26,6,19,4/10/2018,11/6/2019,250,8,D4,6.12,2.62,0.428104575,0.571895425,20/6/2019,dry,wet,18,34.469
11/10/2018,17,1,41,23/10/2018,18/6/2019,238,8,D5,6.1,1.67,0.273770492,0.726229508,28/6/2019,dry,dry,18,31.353
12/10/2018,12,1,41,23/10/2018,18/6/2019,238,8,W5,6.84,0.86,0.125730994,0.874269006,28/6/2019,wet,dry,3,44.42
28/9/2018,27,107,14,4/10/2018,11/6/2019,250,8,D4,6.03,1.11,0.184079602,0.815920398,25/6/2019,dry,dry,18,34.469
11/10/2018,7,213,3,16/10/2018,11/6/2019,238,8,D5,6.1,1.28,0.209836066,0.790163934,20/6/2019,dry,dry,18,31.353
11/10/2018,9,6,17,18/10/2018,11/6/2019,236,8,D5,6.08,2.78,0.457236842,0.542763158,20/6/2019,dry,wet,18,31.353
11/10/2018,15,9,29,18/10/2018,11/6/2019,236,8,D5,6.05,4.01,0.662809917,0.337190083,25/6/2019,dry,wet,18,31.353
11/10/2018,33,408,26,16/10/2018,11/6/2019,238,8,D5,6.13,1.94,0.316476346,0.683523654,20/6/2019,dry,dry,18,31.353
27/9/2018,5,107,14,4/10/2018,11/6/2019,250,8,W4,6.3,2.4,0.380952381,0.619047619,25/6/2019,wet,dry,12,49.459
27/9/2018,7,213,1,2/10/2018,11/6/2019,252,8,W4,6.05,0.43,0.07107438,0.92892562,20/6/2019,wet,dry,12,49.459
11/10/2018,26,3,40,23/10/2018,18/6/2019,238,8,D5,6.09,2.71,0.44499179,0.55500821,28/6/2019,dry,wet,18,31.353
12/10/2018,24,3,40,23/10/2018,18/6/2019,238,8,W5,6.2,3.53,0.569354839,0.430645161,28/6/2019,wet,wet,3,44.42
27/9/2018,11,408,27,2/10/2018,11/6/2019,252,8,W4,6.15,1.04,0.169105691,0.830894309,20/6/2019,wet,dry,12,49.459
27/9/2018,29,6,19,4/10/2018,11/6/2019,250,8,W4,6.02,3.13,0.519933555,0.480066445,20/6/2019,wet,wet,12,49.459
27/9/2018,36,9,31,4/10/2018,11/6/2019,250,8,W4,6.18,3.71,0.600323625,0.399676375,25/6/2019,wet,wet,12,49.459
12/10/2018,5,9,29,18/10/2018,11/6/2019,236,8,W5,6.53,3.59,0.549770291,0.450229709,25/6/2019,wet,wet,3,44.42
12/10/2018,8,408,26,16/10/2018,11/6/2019,238,8,W5,6.7,1.2,0.179104478,0.820895522,20/6/2019,wet,dry,3,44.42
12/10/2018,17,213,3,16/10/2018,11/6/2019,238,8,W5,6.52,1.27,0.194785276,0.805214724,20/6/2019,wet,dry,3,44.42
12/10/2018,28,6,17,18/10/2018,11/6/2019,236,8,W5,6.79,2.93,0.431516937,0.568483063,20/6/2019,wet,wet,3,44.42
12/10/2018,35,107,15,18/10/2018,11/6/2019,236,8,W5,6.73,0.46,0.068350669,0.931649331,25/6/2019,wet,dry,3,44.42
11/10/2018,8,4,12,23/10/2018,18/6/2019,238,8,D5,6,4.35,0.725,0.275,28/6/2019,dry,wet,18,31.353
12/10/2018,6,4,12,23/10/2018,18/6/2019,238,8,W5,6.62,3.66,0.552870091,0.447129909,28/6/2019,wet,wet,3,44.42
11/10/2018,20,10,33,23/10/2018,18/6/2019,238,8,D5,6.03,3.95,0.655058043,0.344941957,28/6/2019,dry,wet,18,31.353
11/10/2018,30,405,22,16/10/2018,18/6/2019,245,8,D5,6.03,0.89,0.147595357,0.852404643,28/6/2019,dry,dry,18,31.353
12/10/2018,1,405,22,16/10/2018,18/6/2019,245,8,W5,6.4,1.34,0.209375,0.790625,28/6/2019,wet,dry,3,44.42
10/6/2019,3,6,c1,11/6/2019,11/6/2019,0,0,D9,6.11,5.42,0.887070376,0.112929624,20/6/2019,dry,wet,,
10/6/2019,12,408,a2,11/6/2019,11/6/2019,0,0,D9,6.09,5.47,0.89819376,0.10180624,20/6/2019,dry,dry,,
10/6/2019,23,213,b2,11/6/2019,11/6/2019,0,0,D9,6.17,5.57,0.902755267,0.097244733,20/6/2019,dry,dry,,
10/6/2019,10,408,a2,11/6/2019,11/6/2019,0,0,W9,6.03,5.4,0.895522388,0.104477612,20/6/2019,wet,dry,,
10/6/2019,11,213,b2,11/6/2019,11/6/2019,0,0,W9,6.01,5.41,0.900166389,0.099833611,20/6/2019,wet,dry,,
10/6/2019,20,6,c1,11/6/2019,11/6/2019,0,0,W9,6,5.29,0.881666667,0.118333333,20/6/2019,wet,wet,,
10/6/2019,2,405,a1,18/6/2019,18/6/2019,0,0,D9,6.11,5.5,0.900163666,0.099836334,28/6/2019,dry,dry,,
10/6/2019,5,10,b1,18/6/2019,18/6/2019,0,0,D9,6.14,5.52,0.899022801,0.100977199,28/6/2019,dry,wet,,
10/6/2019,9,3,c2,18/6/2019,18/6/2019,0,0,D9,6.25,5.6,0.896,0.104,28/6/2019,dry,wet,,
10/6/2019,1,3,c2,18/6/2019,18/6/2019,0,0,W9,6.03,5.36,0.888888889,0.111111111,28/6/2019,wet,wet,,
10/6/2019,12,10,b1,18/6/2019,18/6/2019,0,0,W9,6,5.38,0.896666667,0.103333333,28/6/2019,wet,wet,,
10/6/2019,22,405,a1,18/6/2019,18/6/2019,0,0,W9,6,5.36,0.893333333,0.106666667,28/6/2019,wet,dry,,
10/6/2019,22,1,42,18/6/2019,18/2/2020,245,8,D9,6.07,1.44,0.23723229,0.76276771,12/3/2020,dry,dry,,
10/6/2019,25,1,43,18/6/2019,18/2/2020,245,8,D9,6.17,1.94,0.314424635,0.685575365,12/3/2020,dry,dry,,
10/6/2019,23,1,43,18/6/2019,18/2/2020,245,8,W9,6.02,2,0.332225914,0.667774086,12/3/2020,wet,dry,,
10/6/2019,24,1,42,18/6/2019,18/2/2020,245,8,W9,6,1.21,0.201666667,0.798333333,12/3/2020,wet,dry,,
10/6/2019,4,3,39,18/6/2019,18/2/2020,245,8,D9,6.11,3.74,0.612111293,0.387888707,12/3/2020,dry,wet,,
10/6/2019,15,3,38,18/6/2019,18/2/2020,245,8,D9,6.24,4.24,0.679487179,0.320512821,12/3/2020,dry,wet,,
10/6/2019,13,3,38,18/6/2019,18/2/2020,245,8,W9,6,4.17,0.695,0.305,12/3/2020,wet,wet,,
10/6/2019,15,3,39,18/6/2019,18/2/2020,245,8,W9,6,2.66,0.443333333,0.556666667,12/3/2020,wet,wet,,
10/6/2019,1,4,10,18/6/2019,18/2/2020,245,8,D9,6.07,2.76,0.454695222,0.545304778,12/3/2020,dry,wet,,
10/6/2019,13,4,11,18/6/2019,18/2/2020,245,8,D9,6.15,2.9,0.471544715,0.528455285,12/3/2020,dry,wet,,
10/6/2019,19,4,11,18/6/2019,18/2/2020,245,8,W9,6.04,3.48,0.57615894,0.42384106,12/3/2020,wet,wet,,
10/6/2019,21,4,10,18/6/2019,18/2/2020,245,8,W9,6,4.17,0.695,0.305,12/3/2020,wet,wet,,
10/6/2019,17,6,17,11/6/2019,20/2/2020,254,8,D9,6.09,2.4,0.39408867,0.60591133,12/3/2020,dry,wet,,
10/6/2019,19,6,18,11/6/2019,20/2/2020,254,8,D9,6.17,3.65,0.591572123,0.408427877,12/3/2020,dry,wet,,
10/6/2019,4,6,17,11/6/2019,20/2/2020,254,8,W9,6.03,2.76,0.457711443,0.542288557,12/3/2020,wet,wet,,
10/6/2019,17,6,18,11/6/2019,20/2/2020,254,8,W9,6.01,3.63,0.603993344,0.396006656,12/3/2020,wet,wet,,
10/6/2019,18,9,32,11/6/2019,11/2/2020,245,8,D9,6.16,2.82,0.457792208,0.542207792,12/3/2020,dry,wet,,
10/6/2019,24,9,30,11/6/2019,11/2/2020,245,8,D9,6.16,3.93,0.637987013,0.362012987,12/3/2020,dry,wet,,
10/6/2019,6,9,32,11/6/2019,11/2/2020,245,8,W9,6.03,2.96,0.490878939,0.509121061,12/3/2020,wet,wet,,
10/6/2019,9,9,30,11/6/2019,11/2/2020,245,8,W9,6,3.26,0.543333333,0.456666667,12/3/2020,wet,wet,,
10/6/2019,7,10,35,18/6/2019,18/2/2020,245,8,D9,6.06,1.75,0.288778878,0.711221122,12/3/2020,dry,wet,,
10/6/2019,11,10,36,18/6/2019,18/2/2020,245,8,D9,6.16,2.38,0.386363636,0.613636364,12/3/2020,dry,wet,,
10/6/2019,5,10,35,18/6/2019,18/2/2020,245,8,W9,6.05,2.79,0.461157025,0.538842975,12/3/2020,wet,wet,,
10/6/2019,7,10,36,18/6/2019,18/2/2020,245,8,W9,6,2.76,0.46,0.54,12/3/2020,wet,wet,,
10/6/2019,20,107,16,11/6/2019,20/2/2020,254,8,D9,6.1,0.71,0.116393443,0.883606557,12/3/2020,dry,dry,,
10/6/2019,21,107,13,11/6/2019,20/2/2020,254,8,D9,6.12,0.79,0.129084967,0.870915033,12/3/2020,dry,dry,,
10/6/2019,2,107,13,11/6/2019,20/2/2020,254,8,W9,6.02,1.01,0.167774086,0.832225914,12/3/2020,wet,dry,,
10/6/2019,26,107,16,11/6/2019,20/2/2020,254,8,W9,6.05,0.78,0.12892562,0.87107438,12/3/2020,wet,dry,,
10/6/2019,8,213,1,11/6/2019,20/2/2020,254,8,D9,6.04,2.09,0.34602649,0.65397351,12/3/2020,dry,dry,,
10/6/2019,10,213,2,11/6/2019,20/2/2020,254,8,D9,6.11,NA,NA,NA,12/3/2020,dry,dry,,
10/6/2019,18,213,1,11/6/2019,20/2/2020,254,8,W9,6,1.28,0.213333333,0.786666667,12/3/2020,wet,dry,,
10/6/2019,25,213,2,11/6/2019,20/2/2020,254,8,W9,6.01,0.43,0.071547421,0.928452579,12/3/2020,wet,dry,,
10/6/2019,6,405,23,18/6/2019,18/2/2020,245,8,D9,6.16,1.23,0.199675325,0.800324675,12/3/2020,dry,dry,,
10/6/2019,16,405,22,18/6/2019,18/2/2020,245,8,D9,6.33,0.85,0.134281201,0.865718799,12/3/2020,dry,dry,,
10/6/2019,3,405,22,18/6/2019,18/2/2020,245,8,W9,6.04,0.93,0.15397351,0.84602649,12/3/2020,wet,dry,,
10/6/2019,14,405,23,18/6/2019,18/2/2020,245,8,W9,6.03,2.02,0.334991708,0.665008292,12/3/2020,wet,dry,,
10/6/2019,14,408,25,11/6/2019,20/2/2020,254,8,D9,6.14,1.42,0.231270358,0.768729642,12/3/2020,dry,dry,,
10/6/2019,26,408,27,11/6/2019,20/2/2020,254,8,D9,6.26,1.28,0.204472843,0.795527157,12/3/2020,dry,dry,,
10/6/2019,8,408,27,11/6/2019,20/2/2020,254,8,W9,6.03,1.76,0.291873964,0.708126036,12/3/2020,wet,dry,,
10/6/2019,16,408,25,11/6/2019,20/2/2020,254,8,W9,6.02,1.87,0.310631229,0.689368771,12/3/2020,wet,dry,,
